{"stats":{"minecraft:used":{"biomesoplenty:fir_sapling":1},"minecraft:picked_up":{"biomesoplenty:fir_sapling":3},"minecraft:killed_by":{"minecraft:zombie":1},"minecraft:custom":{"minecraft:jump":59,"minecraft:open_chest":1,"minecraft:time_since_rest":1611,"minecraft:crouch_one_cm":1256,"minecraft:deaths":1,"minecraft:leave_game":3,"minecraft:play_time":10219,"minecraft:sprint_one_cm":9022,"minecraft:damage_taken":305,"minecraft:time_since_death":1578,"minecraft:walk_one_cm":4763,"minecraft:sneak_time":522,"minecraft:total_world_time":10219,"minecraft:fall_one_cm":2811,"minecraft:fly_one_cm":11731},"minecraft:mined":{"biomesoplenty:fir_leaves":25,"minecraft:packed_ice":1}},"DataVersion":3337}