{"stats":{"minecraft:killed_by":{"minecraft:cave_spider":1,"minecraft:skeleton":1,"minecraft:spider":1,"minecraft:zombie":2,"cave_dweller:cave_dweller":1},"minecraft:mined":{"minecraft:white_bed":10,"minecraft:deepslate_diamond_ore":5,"minecraft:glow_lichen":3,"minecraft:crafting_table":7,"minecraft:torch":5,"gravestone:gravestone":7,"minecraft:granite":5,"minecraft:grass_block":1,"biomesoplenty:fir_planks":31,"minecraft:mushroom_stem":2,"minecraft:redstone_wire":1,"minecraft:cobblestone":23,"minecraft:lapis_ore":20,"minecraft:diorite":4,"minecraft:wall_torch":13,"minecraft:smooth_stone":3,"minecraft:redstone_ore":2,"minecraft:furnace":4,"minecraft:iron_ore":46,"minecraft:andesite":11,"minecraft:deepslate_lapis_ore":3,"biomesoplenty:fir_log":33,"biomesoplenty:hanging_cobweb":1,"minecraft:grass":4,"minecraft:bookshelf":2,"biomesoplenty:glowshroom_block":2,"minecraft:coal_ore":45,"minecraft:deepslate_iron_ore":25,"biomesoplenty:fir_leaves":25,"biomesoplenty:webbing":2,"minecraft:dirt":6,"minecraft:wither_skeleton_skull":1,"minecraft:stone":74,"biomesoplenty:spider_egg":2,"minecraft:tripwire":3,"minecraft:deepslate":3},"minecraft:used":{"minecraft:cooked_mutton":1,"minecraft:water_bucket":13,"minecraft:diorite":4,"minecraft:stone_pickaxe":96,"minecraft:stone_shovel":1,"minecraft:redstone":1,"minecraft:baked_potato":1,"minecraft:wooden_pickaxe":29,"minecraft:shield":17,"minecraft:iron_sword":8,"biomesoplenty:fir_planks":12,"minecraft:rotten_flesh":8,"minecraft:torch":35,"minecraft:golden_apple":1,"minecraft:dirt":37,"minecraft:crafting_table":5,"minecraft:spider_eye":1,"minecraft:white_bed":10,"minecraft:granite":4,"minecraft:iron_axe":59,"minecraft:bread":5,"minecraft:iron_pickaxe":161,"minecraft:stone_axe":81,"minecraft:cobblestone":67,"minecraft:sweet_berries":2,"minecraft:furnace":4,"minecraft:cooked_porkchop":5,"minecraft:andesite":11,"minecraft:bucket":14,"minecraft:egg":1,"biomesoplenty:fir_log":4,"minecraft:smooth_stone":2,"minecraft:iron_leggings":1},"minecraft:crafted":{"biomesoplenty:fir_wood":3,"minecraft:stone_shovel":1,"minecraft:crafting_table":1,"minecraft:baked_potato":1,"minecraft:iron_helmet":1,"minecraft:wooden_pickaxe":1,"minecraft:furnace":1,"minecraft:stone_axe":1,"minecraft:cooked_mutton":4,"minecraft:air":0,"biomesoplenty:fir_planks":24,"minecraft:white_wool":3,"minecraft:iron_boots":1,"minecraft:iron_chestplate":1,"minecraft:shield":1,"minecraft:iron_axe":1,"minecraft:stick":16,"minecraft:iron_ingot":46,"minecraft:iron_pickaxe":1,"minecraft:stone_pickaxe":1,"minecraft:iron_leggings":1,"minecraft:torch":20},"minecraft:dropped":{"biomesoplenty:fir_log":4,"minecraft:wheat":2,"minecraft:cobblestone":13,"minecraft:rotten_flesh":5,"minecraft:granite":1,"minecraft:cooked_mutton":3,"biomesoplenty:fir_planks":9,"minecraft:diorite":2,"minecraft:torch":2,"minecraft:andesite":1,"gravestone:obituary":7,"minecraft:stone_pickaxe":1,"minecraft:smooth_stone":1,"minecraft:string":15},"minecraft:picked_up":{"minecraft:crafting_table":7,"minecraft:feather":1,"minecraft:chicken":1,"minecraft:andesite":12,"minecraft:potato":1,"biomesoplenty:fir_sapling":3,"biomesoplenty:fir_log":36,"minecraft:wither_skeleton_skull":1,"minecraft:lapis_lazuli":152,"minecraft:dirt":39,"minecraft:string":18,"minecraft:bone":7,"minecraft:wheat_seeds":2,"minecraft:smooth_stone":4,"minecraft:cobbled_deepslate":6,"biomesoplenty:fir_planks":32,"minecraft:iron_ingot":1,"minecraft:stone_pickaxe":1,"minecraft:furnace":4,"minecraft:egg":1,"minecraft:book":3,"minecraft:stick":1,"minecraft:raw_iron":70,"minecraft:cooked_porkchop":6,"minecraft:torch":19,"minecraft:porkchop":6,"minecraft:diorite":6,"minecraft:white_bed":11,"minecraft:redstone":10,"minecraft:spider_eye":1,"minecraft:arrow":5,"minecraft:rotten_flesh":20,"minecraft:diamond":5,"minecraft:granite":5,"minecraft:mutton":1,"minecraft:coal":181,"minecraft:white_wool":2,"minecraft:cobblestone":103},"minecraft:custom":{"minecraft:interact_with_furnace":30,"minecraft:mob_kills":42,"minecraft:interact_with_crafting_table":16,"minecraft:leave_game":6,"minecraft:time_since_death":31673,"minecraft:sleep_in_bed":19,"minecraft:climb_one_cm":1283,"minecraft:waystone_activated":1,"minecraft:time_since_rest":1140,"minecraft:sprint_one_cm":262755,"minecraft:damage_absorbed":40,"minecraft:damage_taken":2504,"minecraft:walk_one_cm":181425,"minecraft:damage_blocked_by_shield":1065,"minecraft:drop":50,"minecraft:damage_dealt":7439,"minecraft:swim_one_cm":14581,"minecraft:talked_to_villager":1,"minecraft:fly_one_cm":259824,"minecraft:open_chest":14,"minecraft:play_time":111172,"minecraft:crouch_one_cm":14258,"minecraft:sneak_time":4505,"minecraft:deaths":6,"minecraft:walk_under_water_one_cm":4757,"minecraft:interact_with_lectern":2,"minecraft:jump":1854,"minecraft:walk_on_water_one_cm":14310,"minecraft:total_world_time":111172,"minecraft:fall_one_cm":42426,"minecraft:inspect_dispenser":11},"minecraft:killed":{"minecraft:cave_spider":2,"minecraft:pig":6,"minecraft:spider":2,"minecraft:creeper":2,"minecraft:sheep":1,"minecraft:skeleton":6,"minecraft:zombie":22,"minecraft:chicken":1,"minecraft:drowned":1}},"DataVersion":3337}