{"stats":{"minecraft:picked_up":{"minecraft:book":3,"minecraft:stick":1,"minecraft:smooth_stone":3,"biomesoplenty:fir_sapling":3,"biomesoplenty:fir_log":33,"minecraft:cobblestone":22,"minecraft:wither_skeleton_skull":1,"minecraft:dirt":4,"minecraft:string":3},"minecraft:used":{"minecraft:wooden_pickaxe":29,"biomesoplenty:fir_log":4},"minecraft:custom":{"minecraft:open_chest":5,"minecraft:time_since_rest":14543,"minecraft:crouch_one_cm":4071,"minecraft:sprint_one_cm":19149,"minecraft:play_time":14543,"minecraft:walk_one_cm":23025,"minecraft:sneak_time":1658,"minecraft:interact_with_lectern":2,"minecraft:jump":126,"minecraft:leave_game":3,"minecraft:time_since_death":14543,"minecraft:climb_one_cm":612,"minecraft:total_world_time":14543,"minecraft:interact_with_crafting_table":1,"minecraft:fall_one_cm":1372,"minecraft:fly_one_cm":13134,"minecraft:inspect_dispenser":11},"minecraft:crafted":{"biomesoplenty:fir_wood":3,"biomesoplenty:fir_planks":12,"minecraft:stick":4,"minecraft:wooden_pickaxe":1},"minecraft:mined":{"minecraft:smooth_stone":3,"minecraft:bookshelf":2,"biomesoplenty:fir_leaves":21,"minecraft:dirt":4,"minecraft:wither_skeleton_skull":1,"minecraft:stone":22,"biomesoplenty:fir_log":33,"minecraft:tripwire":3,"minecraft:glow_lichen":2}},"DataVersion":3337}