{"stats":{"minecraft:killed_by":{"minecraft:spider":1,"minecraft:cave_spider":1,"minecraft:skeleton":1,"minecraft:zombie":2,"cave_dweller:cave_dweller":1},"minecraft:used":{"minecraft:stone_shovel":1,"minecraft:redstone":1,"minecraft:chest":1,"minecraft:shield":17,"minecraft:iron_sword":11,"minecraft:rotten_flesh":8,"minecraft:torch":35,"minecraft:dirt":37,"minecraft:granite":4,"minecraft:lava_bucket":5,"minecraft:iron_axe":63,"minecraft:sweet_berries":2,"minecraft:furnace":5,"minecraft:egg":1,"minecraft:potato":4,"minecraft:iron_leggings":1,"minecraft:cooked_mutton":1,"minecraft:water_bucket":23,"minecraft:diorite":4,"minecraft:stone_pickaxe":96,"minecraft:baked_potato":2,"minecraft:wooden_pickaxe":29,"biomesoplenty:fir_planks":12,"minecraft:golden_apple":1,"minecraft:crafting_table":6,"minecraft:spider_eye":1,"minecraft:white_bed":10,"minecraft:bread":6,"minecraft:iron_pickaxe":166,"minecraft:stone_axe":81,"minecraft:cobblestone":78,"minecraft:cooked_porkchop":5,"minecraft:bucket":28,"minecraft:andesite":11,"biomesoplenty:fir_log":4,"minecraft:smooth_stone":2},"minecraft:crafted":{"minecraft:stone_shovel":1,"minecraft:furnace":1,"minecraft:cooked_mutton":4,"minecraft:iron_boots":1,"minecraft:iron_axe":1,"minecraft:stone_pickaxe":1,"minecraft:chest":1,"biomesoplenty:fir_wood":3,"minecraft:crafting_table":1,"minecraft:wooden_pickaxe":1,"minecraft:baked_potato":1,"minecraft:iron_helmet":1,"minecraft:stone_axe":1,"minecraft:air":0,"biomesoplenty:fir_planks":24,"minecraft:white_wool":3,"minecraft:iron_chestplate":1,"minecraft:shield":1,"minecraft:stick":16,"minecraft:iron_ingot":70,"minecraft:iron_pickaxe":1,"minecraft:iron_leggings":1,"minecraft:torch":20},"minecraft:mined":{"minecraft:white_bed":10,"minecraft:deepslate_diamond_ore":5,"minecraft:glow_lichen":3,"gravestone:gravestone":7,"minecraft:granite":5,"minecraft:grass_block":1,"minecraft:redstone_wire":1,"minecraft:smooth_stone":3,"minecraft:redstone_ore":2,"minecraft:furnace":4,"minecraft:iron_ore":46,"minecraft:andesite":11,"minecraft:deepslate_lapis_ore":3,"biomesoplenty:hanging_cobweb":1,"minecraft:bookshelf":2,"biomesoplenty:glowshroom_block":2,"minecraft:deepslate_iron_ore":25,"biomesoplenty:webbing":2,"biomesoplenty:spider_egg":2,"minecraft:stone":74,"minecraft:tripwire":3,"minecraft:crafting_table":7,"minecraft:torch":5,"biomesoplenty:fir_planks":31,"minecraft:mushroom_stem":2,"minecraft:cobblestone":28,"biomesoplenty:sprout":2,"minecraft:lapis_ore":20,"minecraft:diorite":4,"minecraft:wall_torch":13,"biomesoplenty:fir_log":33,"minecraft:grass":5,"minecraft:coal_ore":45,"biomesoplenty:fir_leaves":25,"minecraft:sand":13,"minecraft:dirt":6,"minecraft:wither_skeleton_skull":1,"minecraft:deepslate":3},"minecraft:dropped":{"biomesoplenty:fir_log":4,"minecraft:porkchop":1,"minecraft:lilac":1,"minecraft:cobblestone":13,"minecraft:granite":1,"minecraft:diorite":2,"minecraft:torch":2,"gravestone:obituary":7,"minecraft:smooth_stone":1,"minecraft:string":15,"minecraft:cobbled_deepslate":6,"minecraft:wheat":2,"minecraft:rotten_flesh":5,"minecraft:cooked_mutton":3,"biomesoplenty:fir_planks":9,"minecraft:andesite":1,"minecraft:stone_pickaxe":1},"minecraft:picked_up":{"minecraft:crafting_table":7,"minecraft:chicken":1,"minecraft:string":18,"minecraft:cobbled_deepslate":6,"minecraft:smooth_stone":4,"biomesoplenty:fir_planks":32,"minecraft:beef":10,"minecraft:rose_bush":1,"minecraft:egg":1,"minecraft:furnace":4,"minecraft:raw_iron":70,"minecraft:stick":1,"minecraft:torch":19,"minecraft:porkchop":7,"minecraft:diorite":6,"minecraft:redstone":10,"minecraft:arrow":5,"minecraft:rotten_flesh":20,"minecraft:mutton":1,"minecraft:white_wool":2,"minecraft:cobblestone":105,"minecraft:feather":1,"minecraft:lilac":1,"minecraft:andesite":12,"minecraft:leather":2,"minecraft:potato":1,"biomesoplenty:fir_sapling":3,"biomesoplenty:fir_log":36,"minecraft:wither_skeleton_skull":1,"minecraft:dirt":39,"minecraft:lapis_lazuli":152,"minecraft:bone":7,"minecraft:wheat_seeds":2,"minecraft:iron_ingot":1,"minecraft:stone_pickaxe":1,"minecraft:book":3,"minecraft:cooked_porkchop":6,"minecraft:sand":13,"minecraft:white_bed":11,"minecraft:spider_eye":1,"minecraft:diamond":5,"minecraft:granite":5,"minecraft:baked_potato":4,"minecraft:coal":181},"minecraft:custom":{"minecraft:mob_kills":46,"minecraft:interact_with_crafting_table":19,"minecraft:interact_with_campfire":4,"minecraft:leave_game":6,"minecraft:time_since_death":43673,"minecraft:climb_one_cm":1283,"minecraft:sprint_one_cm":292397,"minecraft:walk_one_cm":203592,"minecraft:damage_blocked_by_shield":1065,"minecraft:drop":53,"minecraft:talked_to_villager":2,"minecraft:play_time":123172,"minecraft:deaths":6,"minecraft:sneak_time":4576,"minecraft:walk_under_water_one_cm":4979,"minecraft:interact_with_lectern":2,"minecraft:jump":2086,"minecraft:walk_on_water_one_cm":17381,"minecraft:total_world_time":123172,"minecraft:interact_with_furnace":36,"minecraft:sleep_in_bed":21,"minecraft:time_since_rest":9312,"minecraft:waystone_activated":1,"minecraft:damage_taken":2518,"minecraft:damage_absorbed":40,"minecraft:damage_dealt":8039,"minecraft:player_kills":1,"minecraft:swim_one_cm":14921,"minecraft:fly_one_cm":308624,"minecraft:open_chest":20,"minecraft:crouch_one_cm":14406,"minecraft:fall_one_cm":50101,"minecraft:inspect_dispenser":11},"minecraft:killed":{"minecraft:cave_spider":2,"minecraft:spider":2,"minecraft:skeleton":6,"minecraft:chicken":1,"minecraft:drowned":1,"minecraft:pig":6,"minecraft:creeper":2,"minecraft:sheep":1,"minecraft:zombie":22,"minecraft:cow":4}},"DataVersion":3337}