{"stats":{"minecraft:killed":{"minecraft:cave_spider":2,"minecraft:spider":2,"minecraft:skeleton":14,"minecraft:chicken":1,"minecraft:drowned":1,"minecraft:piglin_brute":1,"minecraft:magma_cube":1,"minecraft:piglin":2,"minecraft:pig":13,"minecraft:hoglin":2,"minecraft:creeper":2,"minecraft:sheep":3,"minecraft:zombie":22,"minecraft:ghast":2,"minecraft:cow":7},"minecraft:picked_up":{"minecraft:crafting_table":10,"minecraft:iron_chestplate":1,"minecraft:chicken":1,"minecraft:gold_block":2,"gravestone:obituary":12,"minecraft:shield":1,"biomesoplenty:rose_quartz_shard":4,"minecraft:string":18,"minecraft:iron_axe":1,"minecraft:flint_and_steel":1,"minecraft:iron_leggings":1,"minecraft:smooth_stone":4,"minecraft:gold_nugget":54,"minecraft:cobbled_deepslate":6,"biomesoplenty:fir_planks":32,"minecraft:music_disc_otherside":1,"minecraft:beef":17,"minecraft:rose_bush":1,"minecraft:iron_pickaxe":1,"minecraft:furnace":4,"minecraft:iron_boots":1,"minecraft:egg":1,"minecraft:stick":3,"minecraft:raw_iron":70,"minecraft:torch":19,"travelersbackpack:iron_tier_upgrade":1,"minecraft:porkchop":22,"minecraft:diorite":6,"minecraft:redstone":10,"minecraft:stone_shovel":1,"minecraft:arrow":36,"minecraft:rotten_flesh":29,"minecraft:saddle":1,"minecraft:obsidian":1,"minecraft:mutton":5,"minecraft:white_wool":7,"minecraft:cobblestone":126,"minecraft:cooked_beef":9,"minecraft:feather":1,"minecraft:lilac":3,"minecraft:water_bucket":1,"minecraft:andesite":12,"minecraft:leather":8,"minecraft:fern":1,"minecraft:potato":1,"biomesoplenty:fir_sapling":3,"biomesoplenty:fir_log":57,"minecraft:flint":1,"minecraft:cobblestone_wall":1,"minecraft:wither_skeleton_skull":2,"minecraft:lapis_lazuli":152,"minecraft:dirt":50,"minecraft:name_tag":3,"minecraft:glass":1,"minecraft:bone":22,"travelersbackpack:backpack_tank":2,"minecraft:bow":2,"minecraft:wheat_seeds":2,"minecraft:iron_ingot":15,"minecraft:stone_pickaxe":1,"minecraft:glowstone_dust":6,"minecraft:iron_sword":2,"minecraft:soul_sand":2,"minecraft:book":3,"minecraft:cooked_porkchop":9,"minecraft:sweet_berries":17,"minecraft:quartz":1,"minecraft:gravel":3,"minecraft:sand":13,"minecraft:white_bed":13,"minecraft:spider_eye":1,"minecraft:diamond":7,"minecraft:cracked_polished_blackstone_bricks":2,"minecraft:iron_helmet":1,"minecraft:granite":5,"minecraft:golden_horse_armor":1,"minecraft:bread":8,"minecraft:baked_potato":7,"minecraft:netherrack":82,"minecraft:coal":181,"minecraft:sunflower":1,"minecraft:diamond_pickaxe":1},"minecraft:used":{"minecraft:flint_and_steel":1,"minecraft:stone_shovel":1,"minecraft:redstone":1,"minecraft:chest":1,"minecraft:shield":42,"minecraft:iron_sword":88,"minecraft:rotten_flesh":8,"minecraft:netherrack":71,"minecraft:iron_chestplate":1,"minecraft:torch":35,"minecraft:soul_sand":2,"minecraft:dirt":41,"minecraft:granite":4,"minecraft:obsidian":1,"minecraft:lava_bucket":8,"minecraft:iron_axe":79,"minecraft:bow":21,"minecraft:sweet_berries":30,"minecraft:furnace":5,"minecraft:egg":1,"minecraft:cooked_beef":10,"minecraft:potato":4,"minecraft:iron_leggings":1,"minecraft:cooked_mutton":1,"minecraft:water_bucket":23,"minecraft:diorite":4,"minecraft:baked_potato":5,"minecraft:stone_pickaxe":96,"minecraft:wooden_pickaxe":29,"biomesoplenty:fir_planks":12,"minecraft:golden_apple":1,"minecraft:crafting_table":7,"minecraft:spider_eye":1,"minecraft:white_bed":12,"minecraft:diamond_pickaxe":45,"minecraft:sunflower":1,"minecraft:bread":20,"minecraft:iron_pickaxe":192,"minecraft:stone_axe":81,"minecraft:cobblestone":79,"minecraft:cooked_porkchop":11,"minecraft:andesite":11,"minecraft:bucket":32,"biomesoplenty:fir_log":4,"minecraft:smooth_stone":2},"minecraft:mined":{"minecraft:nether_gold_ore":5,"minecraft:white_bed":11,"minecraft:deepslate_diamond_ore":5,"minecraft:obsidian":1,"minecraft:glow_lichen":3,"gravestone:gravestone":28,"minecraft:granite":5,"minecraft:grass_block":1,"minecraft:redstone_wire":1,"minecraft:smooth_stone":3,"minecraft:redstone_ore":2,"minecraft:glowstone":3,"minecraft:furnace":4,"minecraft:iron_ore":46,"minecraft:fire":14,"minecraft:andesite":11,"minecraft:deepslate_lapis_ore":3,"minecraft:gold_block":2,"biomesoplenty:hanging_cobweb":1,"minecraft:bookshelf":2,"biomesoplenty:glowshroom_block":2,"minecraft:deepslate_iron_ore":25,"biomesoplenty:webbing":2,"minecraft:stone":90,"biomesoplenty:spider_egg":2,"biomesoplenty:rose_quartz_cluster":1,"minecraft:tripwire":3,"minecraft:soul_sand":3,"minecraft:soul_fire":4,"minecraft:crafting_table":8,"minecraft:torch":5,"biomesoplenty:fir_planks":31,"minecraft:mushroom_stem":2,"minecraft:nether_quartz_ore":3,"minecraft:cobblestone":34,"biomesoplenty:sprout":8,"minecraft:lapis_ore":20,"minecraft:diorite":4,"minecraft:wall_torch":13,"minecraft:sweet_berry_bush":1,"biomesoplenty:fir_log":33,"minecraft:grass":5,"minecraft:coal_ore":45,"biomesoplenty:fir_leaves":25,"minecraft:gravel":4,"minecraft:sunflower":1,"minecraft:sand":13,"minecraft:dirt":12,"minecraft:wither_skeleton_skull":1,"minecraft:netherrack":35,"minecraft:deepslate":3,"minecraft:fern":1},"minecraft:crafted":{"minecraft:stone_shovel":1,"minecraft:furnace":1,"minecraft:flint_and_steel":1,"minecraft:cooked_mutton":4,"minecraft:glass":13,"minecraft:iron_boots":2,"minecraft:iron_axe":1,"minecraft:stone_pickaxe":1,"minecraft:chest":1,"minecraft:cooked_beef":10,"biomesoplenty:fir_wood":3,"minecraft:cooked_porkchop":1,"minecraft:crafting_table":1,"travelersbackpack:backpack_tank":2,"minecraft:iron_helmet":2,"minecraft:wooden_pickaxe":1,"minecraft:baked_potato":1,"minecraft:stone_axe":1,"minecraft:air":0,"biomesoplenty:fir_planks":44,"minecraft:white_wool":3,"minecraft:iron_chestplate":2,"minecraft:diamond_pickaxe":1,"minecraft:shield":2,"minecraft:stick":20,"minecraft:iron_ingot":79,"minecraft:iron_pickaxe":1,"minecraft:iron_leggings":2,"minecraft:gold_ingot":21,"minecraft:torch":20},"minecraft:killed_by":{"minecraft:ghast":1,"minecraft:player":1,"minecraft:piglin_brute":4,"minecraft:spider":1,"minecraft:enderman":1,"minecraft:magma_cube":1,"minecraft:piglin":1,"minecraft:cave_spider":1,"minecraft:skeleton":10,"minecraft:zombie":2,"cave_dweller:cave_dweller":1},"minecraft:custom":{"minecraft:mob_kills":79,"minecraft:interact_with_crafting_table":24,"minecraft:interact_with_campfire":4,"minecraft:leave_game":8,"minecraft:time_since_death":14959,"minecraft:climb_one_cm":1283,"minecraft:sprint_one_cm":585272,"minecraft:walk_one_cm":325808,"minecraft:damage_blocked_by_shield":3075,"minecraft:drop":143,"minecraft:talked_to_villager":2,"minecraft:play_time":196827,"minecraft:sneak_time":8566,"minecraft:deaths":29,"minecraft:walk_under_water_one_cm":7374,"minecraft:interact_with_lectern":2,"minecraft:jump":3991,"minecraft:walk_on_water_one_cm":24234,"minecraft:total_world_time":196827,"minecraft:interact_with_furnace":45,"minecraft:sleep_in_bed":23,"minecraft:time_since_rest":6406,"minecraft:waystone_activated":1,"minecraft:damage_taken":11106,"minecraft:damage_absorbed":40,"minecraft:damage_dealt":13100,"minecraft:player_kills":4,"minecraft:swim_one_cm":28405,"minecraft:fly_one_cm":685246,"minecraft:open_chest":45,"minecraft:crouch_one_cm":25034,"minecraft:fall_one_cm":121540,"minecraft:inspect_dispenser":11},"minecraft:broken":{"minecraft:shield":1},"minecraft:dropped":{"biomesoplenty:fir_log":4,"minecraft:porkchop":7,"minecraft:cooked_beef":1,"minecraft:lilac":3,"minecraft:iron_helmet":1,"minecraft:cobblestone":32,"minecraft:granite":1,"biomesoplenty:rose_quartz_shard":2,"minecraft:stick":2,"minecraft:dirt":4,"minecraft:diorite":2,"minecraft:torch":2,"minecraft:rose_bush":1,"minecraft:iron_leggings":1,"gravestone:obituary":35,"minecraft:iron_pickaxe":1,"minecraft:smooth_stone":1,"minecraft:string":15,"minecraft:bone":2,"minecraft:gravel":3,"minecraft:cobblestone_wall":1,"minecraft:cobbled_deepslate":6,"minecraft:wheat":2,"minecraft:rotten_flesh":14,"minecraft:iron_boots":1,"minecraft:fern":1,"minecraft:glowstone_dust":6,"minecraft:cooked_mutton":3,"biomesoplenty:fir_planks":24,"minecraft:iron_chestplate":1,"minecraft:andesite":1,"minecraft:arrow":1,"minecraft:stone_pickaxe":1,"minecraft:quartz":1,"minecraft:netherrack":13}},"DataVersion":3337}