{"stats":{"minecraft:killed":{"minecraft:pig":1,"minecraft:creeper":1,"minecraft:polar_bear":1,"minecraft:fox":2,"minecraft:stray":1,"minecraft:enderman":3,"minecraft:cow":4},"minecraft:used":{"minecraft:netherite_sword":157,"minecraft:flint_and_steel":2,"minecraft:wither_skeleton_skull":3,"minecraft:netherite_chestplate":1,"minecraft:chest":4,"minecraft:stone":36,"minecraft:golden_apple":7,"minecraft:soul_sand":4,"minecraft:dirt":61,"minecraft:netherite_leggings":1,"witherstormmod:formidibomb":1,"minecraft:netherite_helmet":1,"minecraft:command_block":1,"biomesoplenty:fir_sapling":1,"minecraft:grass_block":4,"minecraft:bread":3,"minecraft:netherite_axe":8,"minecraft:totem_of_undying":19,"minecraft:netherite_boots":1,"witherstormmod:withered_phlegm_block":6,"minecraft:cobblestone":9,"minecraft:bow":169,"minecraft:andesite":5,"minecraft:enchanted_golden_apple":70},"minecraft:killed_by":{"minecraft:player":3,"minecraft:zombie":1,"witherstormmod:wither_storm":2},"minecraft:picked_up":{"minecraft:andesite":9,"minecraft:wither_rose":27,"biomesoplenty:fir_sapling":3,"biomesoplenty:fir_log":2,"minecraft:cornflower":1,"minecraft:dirt":168,"minecraft:oak_sign":1,"minecraft:bow":1,"minecraft:wheat_seeds":11,"minecraft:beef":2,"minecraft:netherite_axe":1,"minecraft:enchanted_golden_apple":50,"minecraft:chest":1,"biomesoplenty:toadstool":1,"minecraft:stone":92,"minecraft:dandelion":2,"minecraft:pumpkin_seeds":1,"minecraft:rotten_flesh":9,"minecraft:granite":1,"minecraft:golden_apple":23,"minecraft:totem_of_undying":17,"minecraft:oak_sapling":6,"minecraft:glow_berries":1,"minecraft:cobblestone":9,"minecraft:ender_pearl":3},"minecraft:dropped":{"witherstormmod:formidibomb":1,"minecraft:netherite_sword":2,"minecraft:netherite_helmet":1,"minecraft:netherite_chestplate":2,"minecraft:glow_berries":1,"minecraft:enchanted_golden_apple":114,"minecraft:totem_of_undying":49,"minecraft:pumpkin_seeds":1,"minecraft:golden_apple":273,"minecraft:netherite_leggings":3,"minecraft:dirt":58,"minecraft:stone":28,"minecraft:chest":1,"minecraft:netherite_boots":2,"minecraft:arrow":128,"minecraft:bow":1,"minecraft:beef":2},"minecraft:broken":{"minecraft:netherite_helmet":2,"minecraft:netherite_sword":5},"minecraft:custom":{"minecraft:interact_with_furnace":1,"minecraft:mob_kills":14,"minecraft:leave_game":3,"minecraft:time_since_death":22432,"minecraft:damage_resisted":6011,"minecraft:time_since_rest":22467,"minecraft:damage_taken":17932,"minecraft:sprint_one_cm":106013,"minecraft:walk_one_cm":67939,"minecraft:damage_absorbed":8892,"minecraft:drop":84,"minecraft:damage_dealt":5795,"minecraft:swim_one_cm":3582,"minecraft:talked_to_villager":1,"minecraft:fly_one_cm":493447,"minecraft:player_kills":6,"minecraft:open_chest":20,"minecraft:crouch_one_cm":2774,"minecraft:play_time":65139,"minecraft:deaths":7,"minecraft:sneak_time":2329,"minecraft:walk_under_water_one_cm":3218,"minecraft:interact_with_lectern":1,"minecraft:jump":1328,"minecraft:walk_on_water_one_cm":2311,"minecraft:total_world_time":65139,"minecraft:fall_one_cm":93379},"minecraft:mined":{"gravestone:gravestone":1,"minecraft:oak_wall_sign":1,"minecraft:fire":25,"minecraft:grass":9,"minecraft:dirt_path":1,"biomesoplenty:fir_leaves":25,"minecraft:dirt":3,"minecraft:packed_ice":1,"biomesoplenty:umbran_leaves":2}},"DataVersion":3337}