{"stats":{"minecraft:killed_by":{"minecraft:ghast":1,"minecraft:wither_skeleton":5,"minecraft:piglin_brute":5,"minecraft:magma_cube":1,"minecraft:piglin":2,"minecraft:cave_spider":1,"minecraft:blaze":3,"minecraft:zombie":2,"minecraft:player":4,"minecraft:spider":1,"minecraft:enderman":1,"minecraft:skeleton":11,"cave_dweller:cave_dweller":1},"minecraft:used":{"minecraft:chest":2,"minecraft:shield":88,"minecraft:iron_sword":225,"minecraft:rotten_flesh":8,"minecraft:iron_chestplate":1,"minecraft:soul_sand":4,"minecraft:obsidian":1,"minecraft:lava_bucket":8,"minecraft:bow":51,"minecraft:sweet_berries":87,"minecraft:furnace":5,"minecraft:egg":1,"minecraft:potato":169,"minecraft:golden_boots":1,"minecraft:diorite":4,"minecraft:stone_pickaxe":96,"minecraft:blackstone":7,"minecraft:wooden_pickaxe":29,"biomesoplenty:fir_planks":69,"minecraft:golden_apple":1,"minecraft:sand":1,"travelersbackpack:bee":5,"minecraft:stone_brick_wall":1,"minecraft:bread":21,"minecraft:gravel":5,"minecraft:smithing_table":1,"minecraft:andesite":11,"minecraft:bone_meal":115,"biomesoplenty:brimstone":1,"minecraft:rose_bush":1,"minecraft:enchanting_table":1,"minecraft:flint_and_steel":1,"minecraft:stone_shovel":1,"minecraft:redstone":1,"minecraft:cooked_chicken":1,"minecraft:netherrack":208,"minecraft:torch":35,"minecraft:dirt":42,"minecraft:golden_shovel":28,"minecraft:granite":4,"minecraft:iron_hoe":99,"minecraft:iron_axe":87,"minecraft:iron_boots":1,"minecraft:basalt":1,"minecraft:glowstone":1,"minecraft:cooked_beef":17,"minecraft:golden_axe":30,"minecraft:iron_leggings":1,"gravestone:gravestone":1,"minecraft:wheat_seeds":1,"minecraft:cooked_mutton":3,"minecraft:water_bucket":24,"minecraft:baked_potato":5,"minecraft:gilded_blackstone":3,"minecraft:crafting_table":9,"minecraft:spider_eye":1,"minecraft:white_bed":12,"minecraft:diamond_pickaxe":271,"minecraft:sunflower":1,"minecraft:iron_pickaxe":192,"minecraft:stone_axe":81,"minecraft:cobblestone":86,"travelersbackpack:standard":5,"minecraft:cooked_porkchop":21,"minecraft:bucket":32,"biomesoplenty:fir_log":4,"minecraft:smooth_stone":2},"minecraft:picked_up":{"minecraft:iron_chestplate":1,"minecraft:wheat":1,"minecraft:gilded_blackstone":3,"minecraft:string":22,"minecraft:iron_leggings":1,"biomesoplenty:brimstone":1,"minecraft:cobbled_deepslate":6,"minecraft:gold_nugget":54,"minecraft:smooth_stone":4,"biomesoplenty:fir_planks":34,"minecraft:spruce_planks":3,"minecraft:rose_bush":2,"minecraft:iron_pickaxe":1,"minecraft:iron_boots":1,"minecraft:furnace":5,"minecraft:stick":6,"minecraft:torch":20,"travelersbackpack:iron_tier_upgrade":1,"minecraft:porkchop":27,"minecraft:diorite":6,"minecraft:nether_gold_ore":13,"minecraft:stone_sword":1,"minecraft:rotten_flesh":40,"minecraft:obsidian":1,"minecraft:cobblestone":141,"minecraft:leather_chestplate":1,"minecraft:feather":1,"minecraft:cooked_beef":9,"minecraft:lilac":3,"minecraft:water_bucket":1,"minecraft:andesite":12,"minecraft:potato":225,"biomesoplenty:fir_sapling":3,"biomesoplenty:fir_log":57,"minecraft:flint":1,"minecraft:wither_skeleton_skull":2,"minecraft:dirt":52,"minecraft:lapis_lazuli":152,"minecraft:name_tag":3,"minecraft:leather_boots":1,"minecraft:glass":1,"minecraft:bone":32,"travelersbackpack:backpack_tank":2,"minecraft:bow":3,"minecraft:wheat_seeds":5,"travelersbackpack:bee":1,"minecraft:glowstone_dust":10,"minecraft:cooked_porkchop":11,"minecraft:poisonous_potato":1,"minecraft:sand":41,"gravestone:gravestone":2,"minecraft:diamond":7,"minecraft:cracked_polished_blackstone_bricks":2,"minecraft:granite":5,"minecraft:golden_horse_armor":1,"minecraft:bread":8,"minecraft:oak_sapling":2,"minecraft:netherrack":223,"minecraft:diamond_pickaxe":1,"minecraft:crafting_table":14,"minecraft:azure_bluet":1,"minecraft:chicken":2,"minecraft:leather_leggings":2,"minecraft:gold_block":2,"minecraft:stone_brick_wall":1,"gravestone:obituary":19,"minecraft:shield":1,"biomesoplenty:rose_quartz_shard":4,"minecraft:iron_axe":1,"minecraft:flint_and_steel":2,"minecraft:blackstone":7,"minecraft:music_disc_otherside":1,"minecraft:beef":20,"minecraft:egg":1,"minecraft:raw_iron":70,"minecraft:redstone":10,"minecraft:arrow":44,"minecraft:stone_shovel":1,"minecraft:saddle":1,"minecraft:gold_ingot":1,"minecraft:mutton":5,"minecraft:white_wool":7,"minecraft:basalt":1,"minecraft:leather":9,"minecraft:fern":1,"minecraft:cobblestone_wall":1,"minecraft:cooked_mutton":2,"minecraft:iron_ingot":19,"minecraft:stone_pickaxe":1,"minecraft:soul_sand":4,"minecraft:iron_sword":3,"minecraft:book":3,"minecraft:sweet_berries":60,"minecraft:quartz":3,"minecraft:gravel":9,"minecraft:spruce_sapling":2,"minecraft:white_bed":13,"minecraft:spruce_log":64,"minecraft:spider_eye":3,"travelersbackpack:standard":1,"minecraft:slime_ball":6,"minecraft:iron_helmet":1,"minecraft:baked_potato":7,"minecraft:coal":242,"minecraft:sunflower":1,"minecraft:ender_pearl":1},"minecraft:crafted":{"minecraft:cooked_chicken":1,"minecraft:cooked_mutton":4,"minecraft:glass":40,"minecraft:iron_boots":3,"minecraft:chest":3,"minecraft:golden_boots":1,"biomesoplenty:fir_wood":3,"minecraft:cooked_porkchop":14,"minecraft:crafting_table":1,"minecraft:spruce_planks":16,"minecraft:baked_potato":1,"minecraft:wooden_pickaxe":1,"travelersbackpack:standard":1,"minecraft:iron_helmet":3,"minecraft:smithing_table":1,"biomesoplenty:fir_planks":108,"minecraft:iron_chestplate":3,"minecraft:diamond_pickaxe":1,"minecraft:shield":3,"minecraft:stick":24,"minecraft:iron_pickaxe":1,"minecraft:iron_ingot":79,"minecraft:gold_ingot":34,"minecraft:stone_shovel":1,"minecraft:furnace":1,"minecraft:bone_meal":123,"minecraft:flint_and_steel":1,"travelersbackpack:white_sleeping_bag":1,"minecraft:iron_axe":1,"minecraft:iron_hoe":1,"minecraft:stone_pickaxe":1,"minecraft:cooked_beef":17,"minecraft:enchanting_table":1,"travelersbackpack:backpack_tank":4,"minecraft:stone_axe":1,"minecraft:glowstone":1,"minecraft:air":0,"minecraft:white_wool":3,"minecraft:iron_leggings":4,"minecraft:torch":20},"minecraft:killed":{"minecraft:cave_spider":5,"minecraft:spider":3,"minecraft:skeleton":21,"minecraft:chicken":2,"minecraft:piglin_brute":2,"minecraft:magma_cube":15,"minecraft:piglin":3,"minecraft:pig":14,"minecraft:zombie_villager":1,"minecraft:iron_golem":1,"minecraft:creeper":3,"minecraft:sheep":3,"minecraft:zombie":31,"minecraft:ghast":4,"minecraft:cow":8,"minecraft:blaze":1,"minecraft:slime":10,"minecraft:drowned":1,"minecraft:hoglin":2,"minecraft:wither_skeleton":8,"minecraft:enderman":1},"minecraft:mined":{"minecraft:white_bed":11,"biomesoplenty:brimstone":1,"minecraft:obsidian":1,"minecraft:granite":5,"minecraft:grass_block":2,"minecraft:gilded_blackstone":3,"minecraft:smooth_stone":3,"minecraft:glowstone":4,"minecraft:iron_ore":46,"minecraft:fire":16,"minecraft:deepslate_lapis_ore":3,"minecraft:azure_bluet":1,"biomesoplenty:hanging_cobweb":1,"biomesoplenty:glowshroom_block":2,"minecraft:dirt_path":1,"biomesoplenty:webbing":2,"minecraft:tripwire":3,"minecraft:blackstone":8,"minecraft:soul_fire":4,"minecraft:torch":6,"minecraft:mushroom_stem":2,"minecraft:nether_quartz_ore":5,"minecraft:cobblestone":46,"minecraft:wall_torch":13,"minecraft:wheat":1,"minecraft:lilac":1,"biomesoplenty:fir_log":33,"minecraft:grass":20,"minecraft:sand":41,"minecraft:dirt":12,"minecraft:wither_skeleton_skull":1,"minecraft:netherrack":185,"minecraft:deepslate":3,"minecraft:nether_gold_ore":18,"minecraft:tuff":1,"minecraft:deepslate_diamond_ore":5,"minecraft:glow_lichen":3,"gravestone:gravestone":44,"minecraft:redstone_wire":1,"minecraft:redstone_ore":2,"minecraft:furnace":5,"minecraft:andesite":11,"minecraft:gold_block":2,"minecraft:bookshelf":2,"minecraft:potatoes":51,"minecraft:deepslate_iron_ore":25,"biomesoplenty:spider_egg":4,"minecraft:stone":94,"biomesoplenty:rose_quartz_cluster":1,"minecraft:soul_sand":4,"minecraft:basalt":1,"minecraft:crafting_table":10,"biomesoplenty:fir_planks":34,"minecraft:rose_bush":2,"biomesoplenty:sprout":33,"minecraft:lapis_ore":20,"minecraft:diorite":4,"minecraft:sweet_berry_bush":20,"minecraft:coal_ore":72,"biomesoplenty:fir_leaves":25,"minecraft:sunflower":1,"minecraft:gravel":4,"minecraft:fern":1},"minecraft:custom":{"minecraft:interact_with_crafting_table":41,"minecraft:open_barrel":35,"minecraft:leave_game":9,"minecraft:time_since_death":34746,"minecraft:sprint_one_cm":915682,"minecraft:damage_blocked_by_shield":5798,"minecraft:drop":186,"minecraft:talked_to_villager":2,"minecraft:play_time":316939,"minecraft:deaths":45,"minecraft:jump":6415,"minecraft:walk_on_water_one_cm":27707,"minecraft:enchant_item":1,"minecraft:interact_with_furnace":73,"minecraft:sleep_in_bed":25,"minecraft:waystone_activated":1,"minecraft:damage_dealt":20836,"minecraft:player_kills":6,"minecraft:crouch_one_cm":37312,"minecraft:inspect_dispenser":11,"minecraft:interact_with_smithing_table":9,"minecraft:mob_kills":149,"minecraft:interact_with_campfire":6,"minecraft:climb_one_cm":11761,"minecraft:walk_one_cm":548061,"minecraft:sneak_time":12474,"minecraft:walk_under_water_one_cm":12882,"minecraft:interact_with_lectern":2,"minecraft:total_world_time":316939,"minecraft:time_since_rest":8248,"minecraft:damage_taken":17452,"minecraft:damage_absorbed":40,"minecraft:swim_one_cm":31776,"minecraft:fly_one_cm":1357507,"minecraft:open_chest":99,"minecraft:fall_one_cm":200393},"minecraft:broken":{"minecraft:iron_boots":1,"minecraft:shield":2,"minecraft:iron_helmet":1},"minecraft:dropped":{"biomesoplenty:fir_log":4,"minecraft:iron_sword":1,"minecraft:porkchop":7,"minecraft:cooked_beef":1,"minecraft:crafting_table":2,"minecraft:cooked_porkchop":9,"travelersbackpack:standard":1,"minecraft:dirt":4,"gravestone:obituary":54,"minecraft:iron_pickaxe":1,"minecraft:bone":2,"minecraft:gravel":3,"minecraft:cobbled_deepslate":6,"minecraft:wheat":3,"minecraft:rotten_flesh":22,"minecraft:fern":1,"minecraft:glowstone_dust":6,"minecraft:cooked_mutton":3,"minecraft:leather_leggings":1,"minecraft:arrow":1,"minecraft:quartz":1,"minecraft:netherrack":13,"minecraft:lilac":3,"minecraft:iron_helmet":1,"minecraft:cobblestone":32,"minecraft:granite":1,"biomesoplenty:rose_quartz_shard":2,"minecraft:stick":2,"minecraft:diorite":2,"minecraft:torch":2,"minecraft:rose_bush":1,"minecraft:iron_leggings":2,"minecraft:smooth_stone":1,"minecraft:string":16,"minecraft:spruce_sapling":2,"minecraft:stone_sword":1,"minecraft:cobblestone_wall":1,"minecraft:iron_boots":1,"minecraft:flint_and_steel":2,"biomesoplenty:fir_planks":24,"minecraft:iron_chestplate":1,"minecraft:andesite":1,"minecraft:spider_eye":1,"minecraft:stone_pickaxe":1}},"DataVersion":3337}