{"stats":{"minecraft:killed":{"minecraft:stray":1},"minecraft:used":{"minecraft:netherite_sword":81,"minecraft:wither_skeleton_skull":3,"minecraft:flint_and_steel":2,"minecraft:command_block":1,"biomesoplenty:fir_sapling":1,"minecraft:grass_block":4,"minecraft:bread":3,"minecraft:netherite_chestplate":1,"minecraft:chest":4,"minecraft:stone":36,"minecraft:totem_of_undying":7,"witherstormmod:withered_phlegm_block":6,"minecraft:netherite_boots":1,"minecraft:golden_apple":7,"minecraft:dirt":61,"minecraft:soul_sand":4,"minecraft:netherite_leggings":1,"minecraft:bow":76,"minecraft:netherite_helmet":1,"witherstormmod:formidibomb":1,"minecraft:enchanted_golden_apple":17},"minecraft:killed_by":{"minecraft:player":2,"witherstormmod:wither_storm":1,"minecraft:zombie":1},"minecraft:picked_up":{"biomesoplenty:toadstool":1,"minecraft:stone":92,"minecraft:andesite":4,"minecraft:dandelion":2,"biomesoplenty:fir_log":2,"biomesoplenty:fir_sapling":3,"minecraft:cornflower":1,"minecraft:dirt":145,"minecraft:rotten_flesh":7,"minecraft:oak_sign":1,"minecraft:bow":1,"minecraft:wheat_seeds":7,"minecraft:golden_apple":23,"minecraft:netherite_axe":1,"minecraft:totem_of_undying":17,"minecraft:enchanted_golden_apple":50,"minecraft:oak_sapling":6,"minecraft:chest":1},"minecraft:dropped":{"minecraft:dirt":1,"witherstormmod:formidibomb":1,"minecraft:netherite_sword":1,"minecraft:netherite_chestplate":1,"minecraft:netherite_boots":1,"minecraft:netherite_helmet":1,"minecraft:chest":1,"minecraft:enchanted_golden_apple":114,"minecraft:bow":1,"minecraft:arrow":128,"minecraft:totem_of_undying":39,"minecraft:netherite_leggings":1,"minecraft:golden_apple":261},"minecraft:broken":{"minecraft:netherite_sword":1},"minecraft:custom":{"minecraft:time_since_rest":51,"minecraft:damage_absorbed":2619,"minecraft:interact_with_furnace":1,"minecraft:sprint_one_cm":77128,"minecraft:walk_one_cm":47277,"minecraft:damage_taken":5340,"minecraft:mob_kills":1,"minecraft:drop":62,"minecraft:damage_dealt":3732,"minecraft:fly_one_cm":307994,"minecraft:talked_to_villager":1,"minecraft:player_kills":3,"minecraft:open_chest":20,"minecraft:crouch_one_cm":2456,"minecraft:play_time":41139,"minecraft:deaths":5,"minecraft:sneak_time":1514,"minecraft:interact_with_lectern":1,"minecraft:jump":785,"minecraft:walk_on_water_one_cm":13,"minecraft:leave_game":3,"minecraft:time_since_death":22,"minecraft:total_world_time":41139,"minecraft:damage_resisted":1454,"minecraft:fall_one_cm":30357},"minecraft:mined":{"minecraft:fire":8,"gravestone:gravestone":1,"minecraft:grass":9,"biomesoplenty:fir_leaves":25,"minecraft:dirt_path":1,"minecraft:dirt":3,"minecraft:packed_ice":1,"biomesoplenty:umbran_leaves":2,"minecraft:oak_wall_sign":1}},"DataVersion":3337}