{"stats":{"minecraft:picked_up":{"minecraft:crafting_table":2,"minecraft:feather":1,"minecraft:chicken":1,"biomesoplenty:fir_sapling":3,"biomesoplenty:fir_log":36,"minecraft:wither_skeleton_skull":1,"minecraft:string":7,"minecraft:dirt":36,"minecraft:wheat_seeds":2,"minecraft:smooth_stone":4,"biomesoplenty:fir_planks":2,"minecraft:stone_pickaxe":1,"minecraft:egg":1,"minecraft:furnace":1,"minecraft:book":3,"minecraft:stick":1,"minecraft:cooked_porkchop":4,"minecraft:torch":1,"minecraft:porkchop":6,"minecraft:spider_eye":1,"minecraft:mutton":1,"minecraft:coal":82,"minecraft:white_wool":1,"minecraft:cobblestone":36},"minecraft:used":{"minecraft:stone_pickaxe":43,"minecraft:wooden_pickaxe":29,"biomesoplenty:fir_planks":7,"minecraft:torch":10,"minecraft:dirt":36,"minecraft:crafting_table":2,"minecraft:spider_eye":1,"minecraft:stone_axe":19,"minecraft:cobblestone":11,"minecraft:furnace":2,"minecraft:cooked_porkchop":3,"minecraft:egg":1,"biomesoplenty:fir_log":4,"minecraft:smooth_stone":2},"minecraft:killed":{"minecraft:pig":4,"minecraft:spider":2,"minecraft:creeper":1,"minecraft:chicken":1},"minecraft:killed_by":{"minecraft:spider":1},"minecraft:custom":{"minecraft:interact_with_furnace":6,"minecraft:mob_kills":7,"minecraft:interact_with_crafting_table":3,"minecraft:leave_game":5,"minecraft:time_since_death":14611,"minecraft:climb_one_cm":1191,"minecraft:time_since_rest":14637,"minecraft:sprint_one_cm":90355,"minecraft:damage_taken":515,"minecraft:walk_one_cm":75200,"minecraft:drop":14,"minecraft:damage_dealt":799,"minecraft:swim_one_cm":5787,"minecraft:fly_one_cm":94019,"minecraft:open_chest":5,"minecraft:crouch_one_cm":6375,"minecraft:play_time":36686,"minecraft:deaths":1,"minecraft:sneak_time":2306,"minecraft:walk_under_water_one_cm":746,"minecraft:interact_with_lectern":2,"minecraft:jump":673,"minecraft:walk_on_water_one_cm":314,"minecraft:total_world_time":36686,"minecraft:fall_one_cm":14132,"minecraft:inspect_dispenser":11},"minecraft:crafted":{"biomesoplenty:fir_wood":3,"minecraft:stone_shovel":1,"minecraft:crafting_table":1,"minecraft:wooden_pickaxe":1,"minecraft:furnace":1,"minecraft:stone_axe":1,"biomesoplenty:fir_planks":24,"minecraft:white_wool":1,"minecraft:stick":12,"minecraft:stone_pickaxe":1,"minecraft:torch":20},"minecraft:dropped":{"minecraft:cobblestone":10,"minecraft:torch":2,"minecraft:stone_pickaxe":1,"minecraft:smooth_stone":1},"minecraft:mined":{"minecraft:crafting_table":2,"minecraft:glow_lichen":2,"gravestone:gravestone":1,"biomesoplenty:fir_planks":2,"minecraft:cobblestone":3,"minecraft:wall_torch":1,"minecraft:smooth_stone":3,"minecraft:furnace":1,"biomesoplenty:fir_log":33,"minecraft:grass":4,"minecraft:bookshelf":2,"minecraft:coal_ore":28,"biomesoplenty:fir_leaves":25,"minecraft:dirt":4,"minecraft:wither_skeleton_skull":1,"minecraft:stone":32,"minecraft:tripwire":3}},"DataVersion":3337}