{"stats":{"minecraft:killed":{"minecraft:stray":1},"minecraft:used":{"minecraft:netherite_sword":10,"minecraft:wither_skeleton_skull":3,"minecraft:flint_and_steel":2,"minecraft:command_block":1,"biomesoplenty:fir_sapling":1,"minecraft:grass_block":4,"minecraft:bread":3,"minecraft:chest":4,"minecraft:stone":6,"minecraft:totem_of_undying":1,"minecraft:soul_sand":4,"minecraft:bow":27,"witherstormmod:formidibomb":1,"minecraft:enchanted_golden_apple":1},"minecraft:killed_by":{"minecraft:zombie":1},"minecraft:picked_up":{"biomesoplenty:fir_sapling":3,"minecraft:dirt":6,"minecraft:rotten_flesh":7,"minecraft:oak_sign":1,"minecraft:chest":1},"minecraft:dropped":{"minecraft:dirt":1,"witherstormmod:formidibomb":1,"minecraft:chest":1,"minecraft:enchanted_golden_apple":64,"minecraft:arrow":64,"minecraft:totem_of_undying":19,"minecraft:golden_apple":256},"minecraft:custom":{"minecraft:time_since_rest":12889,"minecraft:damage_absorbed":151,"minecraft:interact_with_furnace":1,"minecraft:sprint_one_cm":59017,"minecraft:walk_one_cm":33805,"minecraft:damage_taken":641,"minecraft:mob_kills":1,"minecraft:drop":29,"minecraft:damage_dealt":624,"minecraft:fly_one_cm":222348,"minecraft:talked_to_villager":1,"minecraft:player_kills":2,"minecraft:open_chest":20,"minecraft:crouch_one_cm":1550,"minecraft:play_time":29139,"minecraft:deaths":2,"minecraft:sneak_time":939,"minecraft:interact_with_lectern":1,"minecraft:jump":451,"minecraft:leave_game":3,"minecraft:time_since_death":12862,"minecraft:total_world_time":29139,"minecraft:damage_resisted":38,"minecraft:fall_one_cm":11601},"minecraft:mined":{"minecraft:fire":2,"gravestone:gravestone":1,"minecraft:grass":7,"biomesoplenty:fir_leaves":25,"minecraft:dirt_path":1,"minecraft:dirt":3,"minecraft:packed_ice":1,"minecraft:oak_wall_sign":1}},"DataVersion":3337}