{"stats":{"minecraft:killed_by":{"minecraft:ghast":1,"minecraft:wither_skeleton":5,"minecraft:piglin_brute":5,"minecraft:creeper":2,"minecraft:magma_cube":1,"minecraft:piglin":2,"minecraft:cave_spider":1,"minecraft:blaze":3,"minecraft:zombie":2,"minecraft:player":4,"minecraft:spider":1,"minecraft:enderman":1,"minecraft:skeleton":12,"cave_dweller:cave_dweller":1},"minecraft:used":{"minecraft:chest":2,"minecraft:shield":115,"minecraft:iron_sword":323,"minecraft:rotten_flesh":8,"minecraft:iron_chestplate":1,"minecraft:soul_sand":4,"minecraft:obsidian":1,"minecraft:lava_bucket":8,"minecraft:bow":57,"minecraft:sweet_berries":93,"minecraft:furnace":5,"minecraft:egg":1,"minecraft:potato":169,"minecraft:golden_boots":1,"minecraft:diorite":4,"minecraft:oak_planks":2,"minecraft:stone_pickaxe":96,"minecraft:blackstone":7,"minecraft:wooden_pickaxe":29,"biomesoplenty:fir_planks":69,"minecraft:sugar_cane":13,"minecraft:golden_apple":1,"minecraft:sand":1,"travelersbackpack:bee":6,"minecraft:stone_brick_wall":1,"minecraft:bread":21,"minecraft:gravel":5,"minecraft:smithing_table":1,"minecraft:andesite":11,"minecraft:bone_meal":115,"biomesoplenty:brimstone":1,"minecraft:rose_bush":2,"minecraft:enchanting_table":1,"minecraft:flint_and_steel":1,"minecraft:stone_shovel":1,"minecraft:redstone":1,"minecraft:spruce_planks":2,"minecraft:cooked_chicken":1,"minecraft:netherrack":208,"minecraft:torch":36,"minecraft:dirt":61,"minecraft:golden_shovel":28,"minecraft:granite":4,"minecraft:iron_hoe":99,"minecraft:iron_axe":121,"minecraft:iron_boots":1,"minecraft:smooth_basalt":2,"minecraft:basalt":1,"minecraft:glowstone":1,"minecraft:cooked_beef":17,"minecraft:golden_axe":42,"minecraft:iron_leggings":1,"gravestone:gravestone":1,"minecraft:wheat_seeds":1,"minecraft:cooked_mutton":3,"minecraft:water_bucket":28,"minecraft:baked_potato":57,"minecraft:gilded_blackstone":3,"minecraft:crafting_table":9,"minecraft:spider_eye":1,"minecraft:white_bed":12,"minecraft:diamond_pickaxe":314,"minecraft:sunflower":1,"minecraft:iron_pickaxe":192,"minecraft:stone_axe":81,"minecraft:cobblestone":98,"travelersbackpack:standard":5,"minecraft:cooked_porkchop":21,"minecraft:bucket":42,"biomesoplenty:fir_log":4,"minecraft:smooth_stone":2},"minecraft:picked_up":{"minecraft:iron_chestplate":1,"minecraft:wheat":1,"minecraft:gilded_blackstone":3,"minecraft:amethyst_block":3,"minecraft:string":31,"minecraft:iron_leggings":1,"biomesoplenty:brimstone":1,"minecraft:cobbled_deepslate":6,"minecraft:gold_nugget":54,"minecraft:smooth_stone":4,"biomesoplenty:fir_planks":36,"minecraft:spruce_planks":6,"minecraft:rose_bush":3,"minecraft:calcite":3,"minecraft:iron_pickaxe":1,"minecraft:iron_boots":1,"minecraft:furnace":5,"minecraft:stick":6,"minecraft:torch":21,"travelersbackpack:iron_tier_upgrade":1,"minecraft:porkchop":40,"minecraft:diorite":6,"minecraft:nether_gold_ore":13,"minecraft:stone_sword":1,"minecraft:rotten_flesh":49,"minecraft:obsidian":1,"minecraft:cobblestone":148,"minecraft:leather_chestplate":1,"minecraft:feather":1,"minecraft:cooked_beef":9,"minecraft:lilac":3,"minecraft:water_bucket":1,"minecraft:andesite":12,"minecraft:potato":225,"biomesoplenty:fir_sapling":3,"biomesoplenty:fir_log":57,"minecraft:flint":1,"minecraft:tuff":1,"minecraft:wither_skeleton_skull":2,"minecraft:dirt":71,"minecraft:lapis_lazuli":152,"minecraft:name_tag":3,"minecraft:leather_boots":1,"minecraft:glass":1,"minecraft:bone":33,"travelersbackpack:backpack_tank":2,"minecraft:bow":3,"minecraft:wheat_seeds":6,"travelersbackpack:bee":1,"minecraft:glowstone_dust":10,"minecraft:oak_planks":4,"minecraft:cooked_porkchop":11,"minecraft:poisonous_potato":1,"minecraft:sand":45,"gravestone:gravestone":2,"minecraft:diamond":7,"minecraft:cracked_polished_blackstone_bricks":2,"minecraft:granite":6,"minecraft:golden_horse_armor":1,"minecraft:bread":8,"minecraft:oak_sapling":2,"minecraft:netherrack":223,"minecraft:diamond_pickaxe":1,"minecraft:crafting_table":14,"minecraft:azure_bluet":1,"minecraft:chicken":2,"minecraft:leather_leggings":2,"minecraft:gold_block":2,"minecraft:stone_brick_wall":1,"gravestone:obituary":20,"minecraft:shield":1,"biomesoplenty:rose_quartz_shard":4,"minecraft:iron_axe":1,"minecraft:flint_and_steel":2,"minecraft:blackstone":7,"minecraft:music_disc_otherside":1,"minecraft:beef":32,"minecraft:sugar_cane":13,"minecraft:spruce_trapdoor":1,"minecraft:egg":1,"minecraft:raw_iron":72,"minecraft:trident":1,"minecraft:redstone":71,"minecraft:arrow":47,"minecraft:stone_shovel":1,"minecraft:saddle":1,"minecraft:gold_ingot":1,"minecraft:mutton":28,"minecraft:rail":2,"minecraft:white_wool":20,"minecraft:basalt":1,"minecraft:leather":11,"minecraft:fern":1,"minecraft:golden_boots":1,"minecraft:cobblestone_wall":1,"minecraft:cooked_mutton":2,"minecraft:iron_ingot":19,"minecraft:stone_pickaxe":1,"minecraft:soul_sand":4,"minecraft:iron_sword":3,"minecraft:book":3,"minecraft:smooth_basalt":2,"minecraft:sweet_berries":64,"minecraft:quartz":3,"minecraft:gravel":9,"minecraft:amethyst_shard":10,"minecraft:spruce_sapling":2,"minecraft:white_bed":13,"minecraft:spruce_log":69,"minecraft:spider_eye":4,"travelersbackpack:standard":1,"minecraft:slime_ball":6,"minecraft:iron_helmet":1,"minecraft:baked_potato":8,"minecraft:black_wool":1,"minecraft:coal":243,"minecraft:sunflower":1,"minecraft:ender_pearl":2},"minecraft:crafted":{"minecraft:cooked_chicken":1,"minecraft:cooked_mutton":16,"minecraft:glass":40,"minecraft:bow":1,"minecraft:iron_boots":3,"minecraft:chest":4,"minecraft:golden_boots":1,"biomesoplenty:fir_wood":3,"minecraft:cooked_porkchop":14,"minecraft:crafting_table":1,"minecraft:spruce_planks":20,"minecraft:baked_potato":102,"minecraft:wooden_pickaxe":1,"travelersbackpack:standard":2,"minecraft:iron_helmet":3,"minecraft:smithing_table":1,"biomesoplenty:fir_planks":108,"minecraft:iron_chestplate":4,"minecraft:diamond_pickaxe":1,"minecraft:shield":3,"minecraft:stick":24,"minecraft:iron_pickaxe":1,"minecraft:iron_ingot":79,"minecraft:gold_ingot":34,"minecraft:stone_shovel":1,"minecraft:furnace":1,"minecraft:bone_meal":123,"minecraft:flint_and_steel":1,"travelersbackpack:white_sleeping_bag":2,"minecraft:iron_axe":1,"minecraft:iron_hoe":1,"minecraft:stone_pickaxe":1,"minecraft:cooked_beef":17,"minecraft:enchanting_table":1,"travelersbackpack:backpack_tank":4,"minecraft:stone_axe":1,"minecraft:glowstone":1,"minecraft:air":0,"minecraft:white_wool":3,"minecraft:iron_leggings":5,"minecraft:torch":20},"minecraft:killed":{"minecraft:cave_spider":6,"minecraft:spider":8,"minecraft:skeleton":24,"minecraft:chicken":2,"minecraft:piglin_brute":2,"minecraft:magma_cube":15,"minecraft:piglin":3,"minecraft:pig":20,"minecraft:zombie_villager":1,"minecraft:iron_golem":1,"minecraft:creeper":6,"minecraft:sheep":17,"minecraft:zombie":40,"minecraft:ghast":4,"minecraft:cow":15,"minecraft:blaze":1,"minecraft:slime":10,"minecraft:drowned":2,"minecraft:hoglin":2,"minecraft:wither_skeleton":8,"minecraft:enderman":2},"minecraft:mined":{"minecraft:spruce_planks":3,"minecraft:white_bed":11,"biomesoplenty:brimstone":1,"minecraft:obsidian":1,"minecraft:granite":6,"minecraft:budding_amethyst":3,"minecraft:grass_block":3,"minecraft:spawner":1,"minecraft:gilded_blackstone":3,"minecraft:smooth_stone":3,"minecraft:glowstone":4,"minecraft:iron_ore":49,"minecraft:fire":16,"minecraft:deepslate_lapis_ore":3,"minecraft:azure_bluet":1,"biomesoplenty:hanging_cobweb":2,"biomesoplenty:glowshroom_block":2,"minecraft:dirt_path":1,"biomesoplenty:webbing":2,"minecraft:tripwire":3,"minecraft:blackstone":8,"minecraft:soul_fire":4,"minecraft:amethyst_cluster":2,"minecraft:torch":7,"minecraft:calcite":3,"minecraft:mushroom_stem":2,"minecraft:nether_quartz_ore":5,"minecraft:cobblestone":53,"minecraft:sugar_cane":8,"minecraft:oak_planks":4,"minecraft:wall_torch":13,"minecraft:amethyst_block":4,"minecraft:wheat":1,"minecraft:lilac":1,"biomesoplenty:fir_log":33,"minecraft:grass":26,"minecraft:sand":46,"minecraft:dirt":18,"minecraft:smooth_basalt":2,"minecraft:wither_skeleton_skull":1,"minecraft:netherrack":185,"minecraft:deepslate":3,"minecraft:nether_gold_ore":18,"minecraft:tuff":2,"minecraft:deepslate_diamond_ore":5,"minecraft:glow_lichen":3,"gravestone:gravestone":46,"minecraft:redstone_wire":1,"minecraft:spruce_leaves":1,"minecraft:large_fern":1,"minecraft:redstone_ore":16,"minecraft:furnace":5,"minecraft:andesite":11,"minecraft:gold_block":2,"minecraft:bookshelf":2,"minecraft:potatoes":51,"minecraft:deepslate_iron_ore":25,"biomesoplenty:spider_egg":4,"minecraft:stone":94,"biomesoplenty:rose_quartz_cluster":1,"minecraft:soul_sand":4,"minecraft:basalt":1,"minecraft:crafting_table":10,"biomesoplenty:fir_planks":36,"minecraft:rose_bush":3,"biomesoplenty:sprout":44,"minecraft:lapis_ore":20,"minecraft:diorite":4,"minecraft:sweet_berry_bush":23,"minecraft:ice":3,"minecraft:spruce_log":5,"minecraft:coal_ore":73,"biomesoplenty:fir_leaves":25,"minecraft:sunflower":1,"minecraft:gravel":4,"biomesoplenty:stringy_cobweb":1,"minecraft:cobweb":3,"minecraft:stone_bricks":1,"minecraft:fern":2},"minecraft:custom":{"minecraft:interact_with_crafting_table":44,"minecraft:open_barrel":36,"minecraft:bell_ring":3,"minecraft:leave_game":9,"minecraft:time_since_death":21577,"minecraft:sprint_one_cm":1232941,"minecraft:damage_blocked_by_shield":8247,"minecraft:drop":203,"minecraft:talked_to_villager":2,"minecraft:play_time":394939,"minecraft:deaths":48,"minecraft:jump":8559,"minecraft:walk_on_water_one_cm":46947,"minecraft:enchant_item":1,"minecraft:interact_with_furnace":91,"minecraft:sleep_in_bed":27,"minecraft:waystone_activated":1,"minecraft:damage_dealt":27820,"minecraft:player_kills":9,"minecraft:crouch_one_cm":42602,"minecraft:inspect_dispenser":11,"minecraft:interact_with_smithing_table":9,"minecraft:mob_kills":199,"minecraft:interact_with_campfire":6,"minecraft:climb_one_cm":14099,"minecraft:walk_one_cm":660068,"minecraft:sneak_time":13968,"minecraft:walk_under_water_one_cm":27899,"minecraft:interact_with_lectern":2,"minecraft:total_world_time":394939,"minecraft:interact_with_grindstone":1,"minecraft:time_since_rest":18868,"minecraft:damage_taken":20445,"minecraft:damage_absorbed":40,"minecraft:swim_one_cm":95312,"minecraft:fly_one_cm":1816299,"minecraft:open_chest":133,"minecraft:fall_one_cm":264662},"minecraft:broken":{"minecraft:iron_boots":1,"minecraft:shield":3,"minecraft:iron_helmet":1},"minecraft:dropped":{"biomesoplenty:fir_log":4,"minecraft:iron_sword":1,"minecraft:porkchop":7,"minecraft:cooked_beef":1,"minecraft:baked_potato":38,"minecraft:crafting_table":2,"minecraft:cooked_porkchop":9,"travelersbackpack:standard":1,"minecraft:dirt":4,"gravestone:obituary":55,"minecraft:iron_pickaxe":1,"minecraft:bone":2,"minecraft:gravel":3,"minecraft:cobbled_deepslate":6,"minecraft:wheat":3,"minecraft:rotten_flesh":30,"minecraft:fern":1,"minecraft:glowstone_dust":6,"minecraft:cooked_mutton":3,"minecraft:leather_leggings":1,"minecraft:arrow":1,"minecraft:quartz":1,"minecraft:netherrack":13,"minecraft:golden_boots":2,"minecraft:wheat_seeds":1,"minecraft:lilac":3,"minecraft:iron_helmet":1,"minecraft:cobblestone":32,"minecraft:granite":2,"biomesoplenty:rose_quartz_shard":2,"minecraft:stick":2,"minecraft:diorite":2,"minecraft:torch":2,"minecraft:rose_bush":1,"minecraft:iron_leggings":3,"minecraft:smooth_stone":1,"minecraft:string":17,"minecraft:spruce_sapling":2,"minecraft:stone_sword":1,"minecraft:cobblestone_wall":1,"minecraft:iron_boots":1,"minecraft:flint_and_steel":2,"biomesoplenty:fir_planks":26,"minecraft:iron_chestplate":1,"minecraft:andesite":1,"minecraft:spider_eye":1,"minecraft:stone_pickaxe":1}},"DataVersion":3337}