{"stats":{"minecraft:killed_by":{"minecraft:ghast":1,"minecraft:wither_skeleton":5,"minecraft:piglin_brute":5,"minecraft:creeper":3,"minecraft:magma_cube":1,"minecraft:piglin":2,"minecraft:cave_spider":1,"minecraft:blaze":3,"minecraft:zombie":3,"minecraft:player":4,"minecraft:spider":2,"minecraft:enderman":1,"minecraft:skeleton":12,"cave_dweller:cave_dweller":1},"minecraft:used":{"minecraft:iron_shovel":102,"minecraft:ladder":114,"minecraft:chest":14,"minecraft:shield":153,"minecraft:iron_sword":590,"minecraft:stone":104,"minecraft:bell":2,"minecraft:rotten_flesh":8,"minecraft:iron_chestplate":1,"minecraft:soul_sand":4,"travelersbackpack:iron":1,"minecraft:obsidian":1,"minecraft:lava_bucket":8,"minecraft:bow":73,"minecraft:sweet_berries":93,"minecraft:furnace":8,"minecraft:egg":1,"minecraft:potato":331,"minecraft:golden_boots":1,"minecraft:diorite":4,"minecraft:oak_planks":2,"minecraft:stone_pickaxe":96,"minecraft:blackstone":7,"minecraft:wooden_pickaxe":29,"minecraft:sugar_cane":13,"biomesoplenty:fir_planks":69,"minecraft:blue_bed":6,"minecraft:golden_apple":1,"minecraft:sand":1,"travelersbackpack:bee":8,"minecraft:stone_brick_wall":1,"minecraft:bread":21,"minecraft:deepslate":48,"minecraft:gravel":12,"minecraft:diamond_sword":867,"minecraft:smithing_table":1,"minecraft:andesite":11,"minecraft:bone_meal":115,"minecraft:oak_trapdoor":4,"minecraft:rose_bush":3,"minecraft:enchanting_table":1,"biomesoplenty:brimstone":1,"minecraft:flint_and_steel":1,"minecraft:stone_shovel":1,"minecraft:redstone":1,"minecraft:spruce_planks":2,"minecraft:cooked_chicken":1,"minecraft:netherrack":208,"minecraft:torch":86,"minecraft:dirt":94,"minecraft:hopper":7,"minecraft:cobblestone_wall":4,"minecraft:golden_shovel":28,"minecraft:granite":4,"minecraft:iron_hoe":100,"minecraft:iron_axe":294,"minecraft:iron_boots":1,"minecraft:smooth_basalt":2,"minecraft:glowstone":1,"minecraft:basalt":1,"minecraft:cooked_beef":17,"minecraft:cobbled_deepslate":161,"minecraft:pumpkin":4,"minecraft:golden_axe":209,"minecraft:iron_leggings":1,"gravestone:gravestone":1,"minecraft:wheat_seeds":1,"minecraft:cooked_mutton":22,"minecraft:water_bucket":75,"minecraft:baked_potato":80,"minecraft:spruce_sign":3,"minecraft:spruce_fence_gate":22,"minecraft:cobblestone_slab":5,"minecraft:gilded_blackstone":3,"minecraft:mossy_cobblestone":5,"minecraft:crafting_table":10,"minecraft:spider_eye":1,"minecraft:white_bed":15,"minecraft:spruce_log":2,"minecraft:smoker":1,"minecraft:diamond_pickaxe":1853,"minecraft:sunflower":1,"minecraft:iron_pickaxe":192,"minecraft:stone_axe":81,"minecraft:fishing_rod":2,"minecraft:cobblestone":633,"minecraft:purple_bed":12,"travelersbackpack:standard":7,"minecraft:cobbled_deepslate_slab":20,"minecraft:cooked_porkchop":24,"minecraft:bucket":66,"biomesoplenty:fir_log":7,"minecraft:smooth_stone":2},"minecraft:picked_up":{"minecraft:iron_chestplate":1,"minecraft:wheat":1,"minecraft:diamond_sword":1,"minecraft:gilded_blackstone":3,"minecraft:amethyst_block":3,"minecraft:string":47,"minecraft:raw_copper":58,"minecraft:iron_leggings":1,"biomesoplenty:brimstone":1,"minecraft:cobbled_deepslate":182,"minecraft:gold_nugget":54,"minecraft:smooth_stone":4,"biomesoplenty:fir_planks":36,"minecraft:spruce_planks":28,"minecraft:rose_bush":29,"minecraft:cobblestone_slab":3,"minecraft:calcite":3,"minecraft:iron_pickaxe":1,"minecraft:furnace":6,"minecraft:iron_boots":1,"minecraft:stick":9,"minecraft:torch":36,"travelersbackpack:iron_tier_upgrade":1,"minecraft:porkchop":40,"minecraft:golden_axe":1,"minecraft:diorite":20,"minecraft:stone_sword":1,"minecraft:nether_gold_ore":13,"minecraft:rotten_flesh":130,"minecraft:obsidian":1,"minecraft:cobblestone":988,"minecraft:leather_chestplate":1,"minecraft:cooked_beef":9,"minecraft:feather":1,"minecraft:lilac":3,"minecraft:water_bucket":2,"minecraft:andesite":45,"minecraft:potato":1072,"biomesoplenty:fir_sapling":3,"biomesoplenty:fir_log":65,"minecraft:flint":5,"minecraft:tuff":1,"minecraft:wither_skeleton_skull":2,"minecraft:lapis_lazuli":215,"minecraft:dirt":133,"minecraft:name_tag":3,"minecraft:leather_boots":2,"minecraft:glass":1,"minecraft:bone":40,"travelersbackpack:backpack_tank":2,"minecraft:bow":5,"minecraft:wheat_seeds":9,"minecraft:cobbled_deepslate_slab":6,"minecraft:bell":2,"travelersbackpack:bee":2,"minecraft:fletching_table":1,"minecraft:glowstone_dust":10,"minecraft:oak_planks":4,"minecraft:cooked_porkchop":15,"minecraft:poisonous_potato":1,"minecraft:sand":45,"minecraft:mossy_cobblestone":138,"gravestone:gravestone":2,"minecraft:spruce_fence_gate":4,"minecraft:diamond":7,"minecraft:deepslate":50,"minecraft:cracked_polished_blackstone_bricks":2,"minecraft:granite":57,"minecraft:golden_horse_armor":1,"minecraft:bread":8,"minecraft:jack_o_lantern":1,"minecraft:oak_sapling":4,"minecraft:netherrack":223,"minecraft:diamond_pickaxe":3,"minecraft:fishing_rod":1,"minecraft:crafting_table":15,"minecraft:azure_bluet":1,"minecraft:chicken":2,"minecraft:ladder":79,"minecraft:leather_leggings":3,"minecraft:stone_brick_wall":1,"minecraft:gold_block":2,"gravestone:obituary":22,"minecraft:shield":1,"biomesoplenty:rose_quartz_shard":4,"minecraft:oak_trapdoor":1,"minecraft:iron_axe":2,"minecraft:flint_and_steel":2,"minecraft:blackstone":7,"minecraft:music_disc_otherside":1,"minecraft:beef":46,"minecraft:poppy":2,"minecraft:sugar_cane":13,"minecraft:chest":6,"minecraft:spruce_trapdoor":1,"minecraft:egg":1,"minecraft:raw_iron":102,"minecraft:stone":199,"minecraft:trident":1,"minecraft:carrot":1,"minecraft:redstone":71,"minecraft:arrow":84,"minecraft:stone_shovel":1,"minecraft:saddle":1,"minecraft:gold_ingot":1,"minecraft:mutton":28,"minecraft:rail":2,"minecraft:white_wool":20,"minecraft:basalt":1,"minecraft:leather":16,"minecraft:fern":1,"minecraft:oak_log":4,"minecraft:golden_boots":1,"minecraft:cobblestone_wall":5,"minecraft:blue_bed":6,"minecraft:cooked_mutton":2,"biomesoplenty:stripped_fir_log":1,"minecraft:iron_ingot":37,"minecraft:stone_pickaxe":1,"minecraft:iron_sword":4,"minecraft:soul_sand":4,"minecraft:book":3,"minecraft:smooth_basalt":2,"minecraft:pumpkin":15,"minecraft:sweet_berries":64,"minecraft:quartz":3,"minecraft:dandelion":3,"minecraft:gravel":61,"minecraft:amethyst_shard":10,"minecraft:spruce_sapling":13,"minecraft:white_bed":14,"minecraft:spruce_log":125,"minecraft:spider_eye":11,"travelersbackpack:standard":2,"minecraft:pumpkin_seeds":6,"minecraft:purple_bed":12,"minecraft:slime_ball":6,"minecraft:iron_helmet":2,"minecraft:baked_potato":8,"minecraft:black_wool":1,"minecraft:coal":309,"minecraft:hopper":3,"minecraft:sunflower":1,"minecraft:ender_pearl":2},"minecraft:killed":{"minecraft:cave_spider":6,"minecraft:witch":1,"minecraft:spider":337,"minecraft:skeleton":32,"minecraft:chicken":3,"minecraft:piglin_brute":2,"minecraft:magma_cube":15,"minecraft:piglin":3,"minecraft:pig":20,"minecraft:zombie_villager":1,"minecraft:iron_golem":2,"minecraft:creeper":6,"minecraft:sheep":17,"minecraft:zombie":315,"minecraft:ghast":4,"cave_dweller:cave_dweller":1,"minecraft:blaze":1,"minecraft:cow":22,"minecraft:slime":10,"minecraft:drowned":2,"minecraft:hoglin":2,"minecraft:wither_skeleton":8,"minecraft:enderman":2},"minecraft:crafted":{"minecraft:oak_planks":16,"minecraft:cobblestone_slab":6,"minecraft:cooked_chicken":1,"minecraft:cooked_mutton":35,"minecraft:glass":40,"minecraft:hopper":4,"minecraft:bow":2,"minecraft:iron_boots":5,"minecraft:chest":15,"minecraft:golden_boots":1,"minecraft:smoker":1,"biomesoplenty:fir_wood":3,"minecraft:cooked_porkchop":27,"minecraft:crafting_table":1,"minecraft:spruce_planks":248,"minecraft:iron_helmet":5,"minecraft:baked_potato":466,"minecraft:wooden_pickaxe":1,"travelersbackpack:standard":2,"minecraft:smithing_table":1,"biomesoplenty:fir_planks":132,"minecraft:iron_chestplate":6,"minecraft:diamond_pickaxe":1,"minecraft:shield":4,"minecraft:stick":220,"minecraft:iron_ingot":82,"minecraft:iron_pickaxe":1,"minecraft:gold_ingot":34,"minecraft:spruce_fence_gate":18,"minecraft:cobbled_deepslate_slab":24,"minecraft:stone_shovel":1,"minecraft:furnace":3,"minecraft:bone_meal":123,"minecraft:oak_trapdoor":4,"minecraft:flint_and_steel":1,"travelersbackpack:white_sleeping_bag":2,"minecraft:iron_axe":1,"minecraft:ladder":42,"minecraft:iron_hoe":2,"minecraft:stone_pickaxe":1,"minecraft:cobblestone_wall":6,"minecraft:cooked_beef":17,"minecraft:diamond_sword":1,"minecraft:spruce_sign":6,"minecraft:enchanting_table":1,"travelersbackpack:backpack_tank":4,"minecraft:iron_sword":1,"minecraft:stone_axe":1,"minecraft:glowstone":1,"minecraft:air":0,"minecraft:white_wool":3,"minecraft:iron_shovel":1,"minecraft:iron_leggings":6,"minecraft:white_bed":1,"minecraft:torch":68},"minecraft:mined":{"minecraft:spruce_planks":3,"minecraft:white_bed":12,"biomesoplenty:brimstone":1,"minecraft:obsidian":1,"minecraft:granite":67,"minecraft:budding_amethyst":3,"minecraft:grass_block":26,"minecraft:hopper":3,"minecraft:gilded_blackstone":3,"minecraft:spawner":1,"biomesoplenty:stripped_fir_log":1,"minecraft:smooth_stone":3,"minecraft:glowstone":4,"minecraft:iron_ore":59,"minecraft:cobbled_deepslate":25,"minecraft:fire":16,"minecraft:pumpkin":15,"minecraft:fletching_table":1,"minecraft:deepslate_lapis_ore":5,"minecraft:azure_bluet":1,"biomesoplenty:hanging_cobweb":2,"biomesoplenty:glowshroom_block":2,"minecraft:dirt_path":3,"biomesoplenty:webbing":3,"minecraft:tripwire":3,"minecraft:blackstone":8,"minecraft:soul_fire":4,"minecraft:amethyst_cluster":2,"minecraft:torch":11,"minecraft:calcite":3,"minecraft:poppy":2,"minecraft:chest":6,"minecraft:mushroom_stem":2,"minecraft:nether_quartz_ore":5,"minecraft:cobblestone":397,"minecraft:sugar_cane":8,"minecraft:oak_planks":4,"minecraft:wall_torch":18,"minecraft:amethyst_block":4,"minecraft:deepslate_copper_ore":1,"minecraft:wheat":1,"minecraft:lilac":1,"biomesoplenty:fir_log":41,"minecraft:grass":34,"minecraft:oak_log":4,"minecraft:sand":46,"minecraft:dirt":54,"minecraft:smooth_basalt":2,"minecraft:wither_skeleton_skull":1,"minecraft:netherrack":185,"minecraft:oak_leaves":19,"minecraft:deepslate":191,"minecraft:nether_gold_ore":18,"minecraft:tuff":2,"minecraft:mossy_cobblestone":90,"minecraft:deepslate_diamond_ore":5,"minecraft:jack_o_lantern":1,"minecraft:cobbled_deepslate_slab":1,"minecraft:glow_lichen":3,"minecraft:ladder":78,"gravestone:gravestone":54,"minecraft:redstone_wire":1,"minecraft:spruce_leaves":9,"minecraft:large_fern":2,"minecraft:redstone_ore":16,"minecraft:oak_trapdoor":1,"minecraft:furnace":6,"minecraft:andesite":43,"minecraft:gold_block":2,"minecraft:bell":2,"minecraft:bookshelf":2,"minecraft:potatoes":211,"minecraft:deepslate_iron_ore":31,"minecraft:cobblestone_slab":4,"biomesoplenty:spider_egg":4,"minecraft:stone":806,"biomesoplenty:rose_quartz_cluster":1,"minecraft:soul_sand":4,"minecraft:basalt":1,"minecraft:dandelion":3,"minecraft:crafting_table":10,"biomesoplenty:fir_planks":36,"minecraft:rose_bush":29,"minecraft:copper_ore":15,"minecraft:tall_grass":1,"biomesoplenty:sprout":59,"minecraft:lapis_ore":26,"minecraft:diorite":17,"minecraft:blue_bed":6,"minecraft:purple_bed":12,"minecraft:cobblestone_wall":1,"minecraft:sweet_berry_bush":23,"minecraft:ice":3,"minecraft:spruce_log":38,"minecraft:coal_ore":87,"biomesoplenty:fir_leaves":25,"minecraft:sunflower":1,"minecraft:gravel":66,"biomesoplenty:stringy_cobweb":1,"minecraft:cobweb":3,"minecraft:spruce_fence_gate":4,"minecraft:stone_bricks":1,"minecraft:fern":2},"minecraft:custom":{"minecraft:interact_with_crafting_table":59,"minecraft:open_barrel":36,"minecraft:bell_ring":91,"minecraft:leave_game":13,"minecraft:time_since_death":201319,"minecraft:sprint_one_cm":1556257,"minecraft:damage_blocked_by_shield":11022,"minecraft:drop":303,"minecraft:talked_to_villager":4,"minecraft:play_time":808272,"minecraft:deaths":51,"minecraft:jump":10507,"minecraft:walk_on_water_one_cm":74992,"minecraft:enchant_item":1,"minecraft:interact_with_furnace":107,"minecraft:sleep_in_bed":31,"minecraft:waystone_activated":1,"minecraft:damage_dealt":89080,"minecraft:player_kills":13,"minecraft:crouch_one_cm":64989,"minecraft:interact_with_smoker":17,"minecraft:inspect_dispenser":11,"minecraft:interact_with_smithing_table":10,"minecraft:mob_kills":831,"minecraft:inspect_hopper":2,"minecraft:interact_with_campfire":6,"minecraft:climb_one_cm":78401,"minecraft:walk_one_cm":1114907,"minecraft:sneak_time":23812,"minecraft:walk_under_water_one_cm":41841,"minecraft:interact_with_lectern":2,"minecraft:total_world_time":808272,"minecraft:interact_with_grindstone":1,"minecraft:time_since_rest":61020,"minecraft:damage_absorbed":40,"minecraft:damage_taken":23392,"minecraft:swim_one_cm":113354,"minecraft:fly_one_cm":2249218,"minecraft:open_chest":268,"minecraft:fall_one_cm":312954},"minecraft:broken":{"minecraft:iron_boots":1,"minecraft:iron_sword":1,"minecraft:fishing_rod":1,"minecraft:shield":4,"minecraft:iron_helmet":2},"minecraft:dropped":{"biomesoplenty:fir_log":4,"minecraft:iron_sword":1,"minecraft:porkchop":7,"minecraft:cooked_beef":1,"minecraft:baked_potato":38,"minecraft:crafting_table":2,"minecraft:cooked_porkchop":9,"travelersbackpack:standard":1,"minecraft:flint":1,"minecraft:dirt":5,"gravestone:obituary":61,"minecraft:iron_pickaxe":2,"minecraft:fishing_rod":1,"minecraft:bone":2,"minecraft:gravel":3,"minecraft:cobbled_deepslate":6,"minecraft:wheat":3,"minecraft:rotten_flesh":30,"minecraft:fern":1,"minecraft:glowstone_dust":6,"minecraft:cooked_mutton":3,"minecraft:leather_leggings":1,"minecraft:arrow":2,"minecraft:quartz":1,"minecraft:netherrack":13,"minecraft:golden_boots":2,"minecraft:iron_ingot":6,"minecraft:wheat_seeds":1,"minecraft:lilac":3,"minecraft:iron_helmet":2,"minecraft:golden_axe":1,"minecraft:cobblestone":32,"minecraft:granite":2,"minecraft:stick":2,"biomesoplenty:rose_quartz_shard":2,"minecraft:diorite":2,"minecraft:torch":3,"minecraft:rose_bush":2,"minecraft:iron_leggings":4,"minecraft:smooth_stone":1,"minecraft:string":18,"minecraft:spruce_sapling":2,"minecraft:stone_sword":1,"minecraft:cobblestone_wall":1,"minecraft:iron_boots":3,"minecraft:flint_and_steel":2,"minecraft:diamond_sword":1,"minecraft:potato":180,"minecraft:stone":2,"biomesoplenty:fir_planks":26,"minecraft:iron_chestplate":3,"minecraft:andesite":1,"minecraft:spider_eye":2,"minecraft:stone_pickaxe":1}},"DataVersion":3337}