{"stats":{"minecraft:picked_up":{"minecraft:crafting_table":4,"minecraft:feather":1,"minecraft:chicken":1,"minecraft:andesite":1,"biomesoplenty:fir_sapling":3,"biomesoplenty:fir_log":36,"minecraft:wither_skeleton_skull":1,"minecraft:lapis_lazuli":44,"minecraft:string":7,"minecraft:dirt":36,"minecraft:bone":4,"minecraft:wheat_seeds":2,"minecraft:smooth_stone":4,"biomesoplenty:fir_planks":32,"minecraft:stone_pickaxe":1,"minecraft:egg":1,"minecraft:furnace":3,"minecraft:book":3,"minecraft:stick":1,"minecraft:raw_iron":10,"minecraft:cooked_porkchop":6,"minecraft:torch":5,"minecraft:porkchop":6,"minecraft:white_bed":2,"minecraft:spider_eye":1,"minecraft:arrow":3,"minecraft:rotten_flesh":11,"minecraft:granite":1,"minecraft:coal":148,"minecraft:mutton":1,"minecraft:white_wool":1,"minecraft:cobblestone":57},"minecraft:used":{"minecraft:stone_pickaxe":96,"minecraft:shield":6,"minecraft:wooden_pickaxe":29,"biomesoplenty:fir_planks":12,"minecraft:rotten_flesh":2,"minecraft:torch":18,"minecraft:dirt":36,"minecraft:crafting_table":3,"minecraft:spider_eye":1,"minecraft:white_bed":1,"minecraft:iron_axe":2,"minecraft:iron_pickaxe":1,"minecraft:stone_axe":81,"minecraft:cobblestone":12,"minecraft:furnace":3,"minecraft:cooked_porkchop":5,"minecraft:egg":1,"biomesoplenty:fir_log":4,"minecraft:smooth_stone":2},"minecraft:killed":{"minecraft:pig":4,"minecraft:spider":2,"minecraft:creeper":1,"minecraft:skeleton":2,"minecraft:zombie":11,"minecraft:chicken":1},"minecraft:killed_by":{"minecraft:spider":1,"minecraft:zombie":1},"minecraft:custom":{"minecraft:interact_with_furnace":12,"minecraft:mob_kills":20,"minecraft:interact_with_crafting_table":5,"minecraft:leave_game":5,"minecraft:time_since_death":14116,"minecraft:sleep_in_bed":1,"minecraft:climb_one_cm":1191,"minecraft:time_since_rest":9487,"minecraft:sprint_one_cm":135268,"minecraft:damage_taken":1165,"minecraft:walk_one_cm":107730,"minecraft:damage_blocked_by_shield":390,"minecraft:drop":21,"minecraft:damage_dealt":3333,"minecraft:swim_one_cm":11458,"minecraft:fly_one_cm":127702,"minecraft:open_chest":6,"minecraft:crouch_one_cm":8901,"minecraft:play_time":66620,"minecraft:deaths":2,"minecraft:sneak_time":2982,"minecraft:walk_under_water_one_cm":2510,"minecraft:interact_with_lectern":2,"minecraft:jump":926,"minecraft:walk_on_water_one_cm":2218,"minecraft:total_world_time":66620,"minecraft:fall_one_cm":20046,"minecraft:inspect_dispenser":11},"minecraft:crafted":{"biomesoplenty:fir_wood":3,"minecraft:stone_shovel":1,"minecraft:crafting_table":1,"minecraft:wooden_pickaxe":1,"minecraft:furnace":1,"minecraft:stone_axe":1,"minecraft:air":0,"biomesoplenty:fir_planks":24,"minecraft:white_wool":1,"minecraft:shield":1,"minecraft:iron_axe":1,"minecraft:stick":16,"minecraft:iron_ingot":10,"minecraft:iron_pickaxe":1,"minecraft:stone_pickaxe":1,"minecraft:torch":20},"minecraft:dropped":{"minecraft:cobblestone":10,"biomesoplenty:fir_planks":4,"minecraft:torch":2,"gravestone:obituary":3,"minecraft:stone_pickaxe":1,"minecraft:smooth_stone":1},"minecraft:mined":{"minecraft:white_bed":1,"minecraft:torch":1,"minecraft:crafting_table":4,"minecraft:glow_lichen":2,"gravestone:gravestone":3,"minecraft:granite":1,"biomesoplenty:fir_planks":31,"minecraft:cobblestone":18,"minecraft:lapis_ore":6,"minecraft:wall_torch":4,"minecraft:smooth_stone":3,"minecraft:furnace":3,"minecraft:iron_ore":10,"biomesoplenty:fir_log":33,"minecraft:grass":4,"minecraft:bookshelf":2,"minecraft:coal_ore":41,"biomesoplenty:fir_leaves":25,"minecraft:dirt":4,"minecraft:wither_skeleton_skull":1,"minecraft:stone":37,"minecraft:tripwire":3}},"DataVersion":3337}