{"stats":{"minecraft:picked_up":{"minecraft:crafting_table":6,"minecraft:feather":1,"minecraft:chicken":1,"minecraft:andesite":2,"minecraft:potato":1,"biomesoplenty:fir_sapling":3,"biomesoplenty:fir_log":36,"minecraft:wither_skeleton_skull":1,"minecraft:lapis_lazuli":115,"minecraft:string":7,"minecraft:dirt":36,"minecraft:bone":5,"minecraft:cobbled_deepslate":6,"minecraft:wheat_seeds":2,"minecraft:smooth_stone":4,"biomesoplenty:fir_planks":32,"minecraft:iron_ingot":1,"minecraft:stone_pickaxe":1,"minecraft:egg":1,"minecraft:furnace":3,"minecraft:book":3,"minecraft:stick":1,"minecraft:raw_iron":58,"minecraft:cooked_porkchop":6,"minecraft:torch":14,"minecraft:porkchop":6,"minecraft:diorite":1,"minecraft:white_bed":8,"minecraft:spider_eye":1,"minecraft:arrow":3,"minecraft:rotten_flesh":17,"minecraft:diamond":5,"minecraft:granite":1,"minecraft:coal":148,"minecraft:mutton":1,"minecraft:white_wool":1,"minecraft:cobblestone":64},"minecraft:used":{"minecraft:cooked_mutton":1,"minecraft:water_bucket":8,"minecraft:stone_pickaxe":96,"minecraft:shield":9,"minecraft:wooden_pickaxe":29,"biomesoplenty:fir_planks":12,"minecraft:rotten_flesh":8,"minecraft:torch":31,"minecraft:golden_apple":1,"minecraft:dirt":36,"minecraft:crafting_table":5,"minecraft:spider_eye":1,"minecraft:white_bed":8,"minecraft:iron_axe":45,"minecraft:bread":1,"minecraft:iron_pickaxe":76,"minecraft:stone_axe":81,"minecraft:cobblestone":19,"minecraft:furnace":4,"minecraft:cooked_porkchop":5,"minecraft:andesite":1,"minecraft:bucket":9,"minecraft:egg":1,"biomesoplenty:fir_log":4,"minecraft:iron_leggings":1,"minecraft:smooth_stone":2},"minecraft:killed":{"minecraft:cave_spider":2,"minecraft:pig":4,"minecraft:spider":2,"minecraft:creeper":2,"minecraft:skeleton":4,"minecraft:zombie":19,"minecraft:chicken":1},"minecraft:killed_by":{"minecraft:cave_spider":1,"minecraft:skeleton":1,"minecraft:spider":1,"minecraft:zombie":2,"cave_dweller:cave_dweller":1},"minecraft:custom":{"minecraft:interact_with_furnace":22,"minecraft:mob_kills":33,"minecraft:interact_with_crafting_table":9,"minecraft:leave_game":5,"minecraft:time_since_death":11121,"minecraft:sleep_in_bed":10,"minecraft:climb_one_cm":1283,"minecraft:time_since_rest":1247,"minecraft:sprint_one_cm":211090,"minecraft:damage_absorbed":40,"minecraft:damage_taken":2358,"minecraft:walk_one_cm":157863,"minecraft:damage_blocked_by_shield":570,"minecraft:drop":43,"minecraft:damage_dealt":6019,"minecraft:swim_one_cm":14249,"minecraft:fly_one_cm":193438,"minecraft:open_chest":10,"minecraft:crouch_one_cm":12584,"minecraft:play_time":90620,"minecraft:deaths":6,"minecraft:sneak_time":3848,"minecraft:walk_under_water_one_cm":4563,"minecraft:interact_with_lectern":2,"minecraft:jump":1463,"minecraft:walk_on_water_one_cm":10318,"minecraft:total_world_time":90620,"minecraft:fall_one_cm":33205,"minecraft:inspect_dispenser":11},"minecraft:crafted":{"biomesoplenty:fir_wood":3,"minecraft:stone_shovel":1,"minecraft:crafting_table":1,"minecraft:wooden_pickaxe":1,"minecraft:furnace":1,"minecraft:stone_axe":1,"minecraft:cooked_mutton":4,"minecraft:air":0,"biomesoplenty:fir_planks":24,"minecraft:white_wool":1,"minecraft:shield":1,"minecraft:iron_axe":1,"minecraft:stick":16,"minecraft:iron_ingot":17,"minecraft:iron_pickaxe":1,"minecraft:stone_pickaxe":1,"minecraft:iron_leggings":1,"minecraft:torch":20},"minecraft:dropped":{"biomesoplenty:fir_log":4,"minecraft:cobblestone":12,"minecraft:rotten_flesh":2,"minecraft:granite":1,"minecraft:cooked_mutton":3,"biomesoplenty:fir_planks":9,"minecraft:diorite":1,"minecraft:torch":2,"minecraft:andesite":1,"gravestone:obituary":7,"minecraft:stone_pickaxe":1,"minecraft:smooth_stone":1},"minecraft:mined":{"minecraft:white_bed":7,"minecraft:deepslate_diamond_ore":5,"minecraft:torch":4,"minecraft:crafting_table":6,"minecraft:glow_lichen":3,"gravestone:gravestone":7,"minecraft:granite":1,"biomesoplenty:fir_planks":31,"minecraft:mushroom_stem":2,"minecraft:cobblestone":19,"minecraft:lapis_ore":14,"minecraft:wall_torch":9,"minecraft:smooth_stone":3,"minecraft:furnace":3,"minecraft:iron_ore":35,"minecraft:andesite":1,"minecraft:deepslate_lapis_ore":3,"biomesoplenty:fir_log":33,"biomesoplenty:hanging_cobweb":1,"minecraft:grass":4,"minecraft:bookshelf":2,"biomesoplenty:glowshroom_block":2,"minecraft:coal_ore":41,"minecraft:deepslate_iron_ore":24,"biomesoplenty:fir_leaves":25,"biomesoplenty:webbing":2,"minecraft:dirt":4,"minecraft:wither_skeleton_skull":1,"biomesoplenty:spider_egg":2,"minecraft:stone":40,"minecraft:deepslate":3,"minecraft:tripwire":3}},"DataVersion":3337}