{"stats":{"minecraft:killed":{"minecraft:cave_spider":2,"minecraft:spider":3,"minecraft:skeleton":19,"minecraft:chicken":2,"minecraft:drowned":1,"minecraft:piglin_brute":2,"minecraft:magma_cube":15,"minecraft:piglin":3,"minecraft:pig":14,"minecraft:hoglin":2,"minecraft:creeper":2,"minecraft:sheep":3,"minecraft:zombie":22,"minecraft:ghast":3,"minecraft:wither_skeleton":1,"minecraft:cow":7},"minecraft:picked_up":{"minecraft:crafting_table":13,"minecraft:iron_chestplate":1,"minecraft:chicken":2,"minecraft:gold_block":2,"gravestone:obituary":14,"minecraft:shield":1,"biomesoplenty:rose_quartz_shard":4,"minecraft:string":19,"minecraft:iron_axe":1,"minecraft:flint_and_steel":2,"minecraft:iron_leggings":1,"minecraft:blackstone":7,"biomesoplenty:brimstone":1,"minecraft:smooth_stone":4,"minecraft:gold_nugget":54,"minecraft:cobbled_deepslate":6,"biomesoplenty:fir_planks":33,"minecraft:music_disc_otherside":1,"minecraft:beef":17,"minecraft:rose_bush":2,"minecraft:iron_pickaxe":1,"minecraft:furnace":4,"minecraft:iron_boots":1,"minecraft:egg":1,"minecraft:stick":3,"minecraft:raw_iron":70,"minecraft:torch":19,"travelersbackpack:iron_tier_upgrade":1,"minecraft:porkchop":27,"minecraft:diorite":6,"minecraft:redstone":10,"minecraft:nether_gold_ore":13,"minecraft:stone_shovel":1,"minecraft:arrow":42,"minecraft:rotten_flesh":29,"minecraft:saddle":1,"minecraft:obsidian":1,"minecraft:mutton":5,"minecraft:white_wool":7,"minecraft:cobblestone":126,"minecraft:basalt":1,"minecraft:cooked_beef":9,"minecraft:feather":1,"minecraft:lilac":3,"minecraft:water_bucket":1,"minecraft:andesite":12,"minecraft:leather":8,"minecraft:fern":1,"minecraft:potato":1,"biomesoplenty:fir_sapling":3,"biomesoplenty:fir_log":57,"minecraft:flint":1,"minecraft:cobblestone_wall":1,"minecraft:wither_skeleton_skull":2,"minecraft:lapis_lazuli":152,"minecraft:dirt":50,"minecraft:name_tag":3,"minecraft:glass":1,"minecraft:bone":25,"travelersbackpack:backpack_tank":2,"minecraft:bow":2,"minecraft:wheat_seeds":3,"minecraft:iron_ingot":15,"minecraft:stone_pickaxe":1,"minecraft:glowstone_dust":6,"minecraft:iron_sword":3,"minecraft:soul_sand":4,"minecraft:book":3,"minecraft:cooked_porkchop":9,"minecraft:sweet_berries":20,"minecraft:quartz":3,"minecraft:gravel":3,"minecraft:sand":13,"minecraft:white_bed":13,"minecraft:spider_eye":2,"gravestone:gravestone":2,"minecraft:diamond":7,"minecraft:cracked_polished_blackstone_bricks":2,"minecraft:iron_helmet":1,"minecraft:granite":5,"minecraft:golden_horse_armor":1,"minecraft:bread":8,"minecraft:baked_potato":7,"minecraft:netherrack":222,"minecraft:coal":181,"minecraft:sunflower":1,"minecraft:diamond_pickaxe":1},"minecraft:used":{"biomesoplenty:brimstone":1,"minecraft:rose_bush":1,"minecraft:enchanting_table":1,"minecraft:flint_and_steel":1,"minecraft:stone_shovel":1,"minecraft:redstone":1,"minecraft:chest":1,"minecraft:shield":63,"minecraft:iron_sword":140,"minecraft:rotten_flesh":8,"minecraft:netherrack":200,"minecraft:iron_chestplate":1,"minecraft:torch":35,"minecraft:soul_sand":4,"minecraft:dirt":41,"minecraft:granite":4,"minecraft:obsidian":1,"minecraft:lava_bucket":8,"minecraft:iron_axe":81,"minecraft:basalt":1,"minecraft:bow":41,"minecraft:sweet_berries":34,"minecraft:furnace":5,"minecraft:egg":1,"minecraft:cooked_beef":17,"minecraft:potato":4,"gravestone:gravestone":1,"minecraft:iron_leggings":1,"minecraft:golden_boots":1,"minecraft:cooked_mutton":1,"minecraft:water_bucket":23,"minecraft:diorite":4,"minecraft:baked_potato":5,"minecraft:stone_pickaxe":96,"minecraft:blackstone":7,"minecraft:wooden_pickaxe":29,"biomesoplenty:fir_planks":36,"minecraft:golden_apple":1,"minecraft:crafting_table":8,"minecraft:spider_eye":1,"minecraft:white_bed":12,"minecraft:diamond_pickaxe":221,"minecraft:sunflower":1,"minecraft:bread":21,"minecraft:iron_pickaxe":192,"minecraft:stone_axe":81,"travelersbackpack:standard":1,"minecraft:cobblestone":79,"minecraft:smithing_table":1,"minecraft:cooked_porkchop":16,"minecraft:andesite":11,"minecraft:bucket":32,"biomesoplenty:fir_log":4,"minecraft:smooth_stone":2},"minecraft:mined":{"minecraft:nether_gold_ore":18,"minecraft:white_bed":11,"minecraft:deepslate_diamond_ore":5,"biomesoplenty:brimstone":1,"minecraft:obsidian":1,"minecraft:glow_lichen":3,"gravestone:gravestone":36,"minecraft:granite":5,"minecraft:grass_block":1,"minecraft:redstone_wire":1,"minecraft:smooth_stone":3,"minecraft:redstone_ore":2,"minecraft:glowstone":3,"minecraft:furnace":4,"minecraft:iron_ore":46,"minecraft:fire":14,"minecraft:andesite":11,"minecraft:deepslate_lapis_ore":3,"minecraft:gold_block":2,"biomesoplenty:hanging_cobweb":1,"minecraft:bookshelf":2,"biomesoplenty:glowshroom_block":2,"minecraft:deepslate_iron_ore":25,"biomesoplenty:webbing":2,"minecraft:stone":90,"biomesoplenty:spider_egg":2,"biomesoplenty:rose_quartz_cluster":1,"minecraft:tripwire":3,"minecraft:blackstone":8,"minecraft:soul_sand":4,"minecraft:soul_fire":4,"minecraft:basalt":1,"minecraft:crafting_table":9,"minecraft:torch":5,"biomesoplenty:fir_planks":32,"minecraft:rose_bush":2,"minecraft:mushroom_stem":2,"minecraft:nether_quartz_ore":5,"minecraft:cobblestone":34,"biomesoplenty:sprout":9,"minecraft:lapis_ore":20,"minecraft:diorite":4,"minecraft:wall_torch":13,"minecraft:sweet_berry_bush":2,"minecraft:lilac":1,"biomesoplenty:fir_log":33,"minecraft:grass":8,"minecraft:coal_ore":45,"biomesoplenty:fir_leaves":25,"minecraft:gravel":4,"minecraft:sunflower":1,"minecraft:sand":13,"minecraft:dirt":12,"minecraft:wither_skeleton_skull":1,"minecraft:netherrack":184,"minecraft:deepslate":3,"minecraft:fern":1},"minecraft:crafted":{"minecraft:stone_shovel":1,"minecraft:cooked_chicken":1,"minecraft:furnace":1,"minecraft:flint_and_steel":1,"minecraft:cooked_mutton":4,"minecraft:glass":13,"travelersbackpack:white_sleeping_bag":1,"minecraft:iron_boots":2,"minecraft:iron_axe":1,"minecraft:stone_pickaxe":1,"minecraft:chest":2,"minecraft:golden_boots":1,"minecraft:cooked_beef":17,"biomesoplenty:fir_wood":3,"minecraft:cooked_porkchop":11,"minecraft:crafting_table":1,"minecraft:enchanting_table":1,"travelersbackpack:standard":1,"travelersbackpack:backpack_tank":2,"minecraft:iron_helmet":2,"minecraft:wooden_pickaxe":1,"minecraft:baked_potato":1,"minecraft:smithing_table":1,"minecraft:stone_axe":1,"minecraft:air":0,"biomesoplenty:fir_planks":108,"minecraft:white_wool":3,"minecraft:iron_chestplate":3,"minecraft:diamond_pickaxe":1,"minecraft:shield":2,"minecraft:stick":20,"minecraft:iron_ingot":79,"minecraft:iron_pickaxe":1,"minecraft:iron_leggings":4,"minecraft:gold_ingot":21,"minecraft:torch":20},"minecraft:killed_by":{"minecraft:ghast":1,"minecraft:player":4,"minecraft:piglin_brute":5,"minecraft:spider":1,"minecraft:enderman":1,"minecraft:magma_cube":1,"minecraft:piglin":2,"minecraft:cave_spider":1,"minecraft:skeleton":10,"minecraft:blaze":1,"minecraft:zombie":2,"cave_dweller:cave_dweller":1},"minecraft:custom":{"minecraft:interact_with_smithing_table":4,"minecraft:mob_kills":108,"minecraft:interact_with_crafting_table":35,"minecraft:interact_with_campfire":4,"minecraft:leave_game":8,"minecraft:time_since_death":832,"minecraft:climb_one_cm":1283,"minecraft:sprint_one_cm":692046,"minecraft:walk_one_cm":395971,"minecraft:damage_blocked_by_shield":4260,"minecraft:drop":160,"minecraft:talked_to_villager":2,"minecraft:play_time":244827,"minecraft:sneak_time":11188,"minecraft:deaths":37,"minecraft:walk_under_water_one_cm":7374,"minecraft:interact_with_lectern":2,"minecraft:jump":5064,"minecraft:enchant_item":1,"minecraft:walk_on_water_one_cm":24234,"minecraft:total_world_time":244827,"minecraft:interact_with_furnace":55,"minecraft:sleep_in_bed":23,"minecraft:time_since_rest":860,"minecraft:waystone_activated":1,"minecraft:damage_taken":14204,"minecraft:damage_absorbed":40,"minecraft:damage_dealt":15601,"minecraft:player_kills":5,"minecraft:swim_one_cm":28405,"minecraft:fly_one_cm":908530,"minecraft:open_chest":66,"minecraft:crouch_one_cm":34730,"minecraft:fall_one_cm":159948,"minecraft:inspect_dispenser":11},"minecraft:broken":{"minecraft:iron_boots":1,"minecraft:shield":1,"minecraft:iron_helmet":1},"minecraft:dropped":{"biomesoplenty:fir_log":4,"minecraft:iron_sword":1,"minecraft:porkchop":7,"minecraft:cooked_beef":1,"minecraft:lilac":3,"minecraft:crafting_table":2,"minecraft:cooked_porkchop":8,"minecraft:iron_helmet":1,"minecraft:cobblestone":32,"minecraft:granite":1,"biomesoplenty:rose_quartz_shard":2,"minecraft:stick":2,"minecraft:dirt":4,"minecraft:diorite":2,"minecraft:torch":2,"minecraft:rose_bush":1,"minecraft:iron_leggings":2,"gravestone:obituary":43,"minecraft:iron_pickaxe":1,"minecraft:smooth_stone":1,"minecraft:string":16,"minecraft:bone":2,"minecraft:gravel":3,"minecraft:cobblestone_wall":1,"minecraft:cobbled_deepslate":6,"minecraft:wheat":2,"minecraft:rotten_flesh":14,"minecraft:iron_boots":1,"minecraft:fern":1,"minecraft:glowstone_dust":6,"minecraft:cooked_mutton":3,"minecraft:flint_and_steel":2,"biomesoplenty:fir_planks":24,"minecraft:iron_chestplate":1,"minecraft:andesite":1,"minecraft:spider_eye":1,"minecraft:arrow":1,"minecraft:stone_pickaxe":1,"minecraft:quartz":1,"minecraft:netherrack":13}},"DataVersion":3337}