{"stats":{"minecraft:used":{"minecraft:flint_and_steel":2,"biomesoplenty:fir_sapling":1,"minecraft:bread":3,"witherstormmod:formidibomb":1},"minecraft:killed_by":{"minecraft:zombie":1},"minecraft:picked_up":{"minecraft:rotten_flesh":7,"minecraft:oak_sign":1,"biomesoplenty:fir_sapling":3,"minecraft:dirt":4},"minecraft:custom":{"minecraft:time_since_rest":889,"minecraft:open_chest":8,"minecraft:crouch_one_cm":1434,"minecraft:interact_with_furnace":1,"minecraft:sprint_one_cm":44921,"minecraft:play_time":17139,"minecraft:deaths":2,"minecraft:damage_taken":331,"minecraft:walk_one_cm":16506,"minecraft:sneak_time":611,"minecraft:interact_with_lectern":1,"minecraft:jump":278,"minecraft:damage_dealt":130,"minecraft:leave_game":3,"minecraft:time_since_death":862,"minecraft:total_world_time":17139,"minecraft:talked_to_villager":1,"minecraft:player_kills":2,"minecraft:fall_one_cm":8059,"minecraft:fly_one_cm":68282},"minecraft:mined":{"gravestone:gravestone":1,"minecraft:grass":7,"minecraft:dirt_path":1,"biomesoplenty:fir_leaves":25,"minecraft:dirt":3,"minecraft:packed_ice":1,"minecraft:oak_wall_sign":1}},"DataVersion":3337}