{"stats":{"minecraft:picked_up":{"minecraft:iron_chestplate":1,"minecraft:crafting_table":1,"minecraft:chicken":2,"minecraft:cooked_porkchop":2,"minecraft:salmon":1,"minecraft:leather_leggings":1,"biomesoplenty:fir_log":20,"minecraft:porkchop":2,"minecraft:leather_helmet":1,"minecraft:dirt":7,"minecraft:iron_leggings":1,"minecraft:leather_boots":1,"minecraft:stone_sword":1,"minecraft:bone":1,"minecraft:purple_bed":1,"minecraft:wheat_seeds":1,"waystones:waystone":1,"minecraft:cooked_chicken":2,"minecraft:coal":1,"minecraft:cobblestone":18},"minecraft:killed":{"minecraft:skeleton":1,"minecraft:pig":2,"minecraft:chicken":2,"minecraft:salmon":3},"minecraft:used":{"minecraft:wooden_axe":33,"minecraft:stone_sword":9,"minecraft:wooden_pickaxe":22,"minecraft:cooked_chicken":2,"minecraft:dirt":6,"minecraft:crafting_table":1,"minecraft:cooked_porkchop":2},"minecraft:mined":{"minecraft:purple_bed":1,"minecraft:seagrass":1,"minecraft:tall_seagrass":2,"biomesoplenty:fir_log":20,"minecraft:crafting_table":1,"gravestone:gravestone":1,"minecraft:grass":4,"minecraft:coal_ore":1,"minecraft:grass_block":3,"minecraft:dirt":4,"biomesoplenty:sprout":3,"minecraft:stone":18},"minecraft:crafted":{"biomesoplenty:fir_planks":24,"minecraft:crafting_table":1,"minecraft:stick":4,"minecraft:wooden_pickaxe":1,"minecraft:wooden_axe":1},"minecraft:killed_by":{"minecraft:player":1},"minecraft:custom":{"minecraft:time_since_rest":2018,"minecraft:sprint_one_cm":50321,"minecraft:damage_taken":578,"minecraft:walk_one_cm":41730,"minecraft:mob_kills":9,"minecraft:damage_dealt":811,"minecraft:swim_one_cm":8145,"minecraft:interact_with_crafting_table":1,"minecraft:fly_one_cm":73834,"minecraft:open_chest":1,"minecraft:play_time":17787,"minecraft:deaths":1,"minecraft:interact_with_campfire":4,"minecraft:sneak_time":76,"minecraft:walk_under_water_one_cm":6400,"minecraft:jump":383,"minecraft:walk_on_water_one_cm":3596,"minecraft:time_since_death":1980,"minecraft:climb_one_cm":1426,"minecraft:total_world_time":17787,"minecraft:fall_one_cm":17696}},"DataVersion":3337}