{"stats":{"minecraft:picked_up":{"minecraft:iron_chestplate":1,"minecraft:crafting_table":1,"minecraft:chicken":2,"minecraft:cooked_porkchop":2,"minecraft:andesite":1,"minecraft:salmon":1,"minecraft:leather_leggings":2,"biomesoplenty:fir_log":20,"minecraft:porkchop":2,"minecraft:raw_copper":1,"minecraft:leather_helmet":1,"minecraft:dirt":7,"minecraft:iron_leggings":1,"minecraft:leather_boots":1,"minecraft:stone_sword":1,"minecraft:bone":1,"minecraft:purple_bed":1,"minecraft:wheat_seeds":1,"waystones:waystone":2,"minecraft:cooked_chicken":2,"minecraft:coal":20,"minecraft:cobblestone":21},"minecraft:killed":{"minecraft:skeleton":1,"minecraft:zombie":1,"minecraft:pig":2,"minecraft:chicken":2,"minecraft:salmon":3},"minecraft:used":{"minecraft:wooden_axe":33,"minecraft:stone_sword":15,"minecraft:wooden_pickaxe":44,"minecraft:cooked_chicken":2,"minecraft:dirt":6,"minecraft:cobblestone":7,"minecraft:purple_bed":1,"minecraft:crafting_table":2,"minecraft:cooked_porkchop":2,"biomesoplenty:fir_log":6,"waystones:waystone":1},"minecraft:mined":{"minecraft:purple_bed":1,"minecraft:seagrass":1,"minecraft:tall_seagrass":2,"biomesoplenty:fir_log":20,"minecraft:crafting_table":1,"gravestone:gravestone":2,"minecraft:grass":4,"minecraft:coal_ore":20,"minecraft:grass_block":3,"minecraft:dirt":4,"biomesoplenty:sprout":4,"minecraft:stone":20},"minecraft:crafted":{"biomesoplenty:fir_planks":24,"minecraft:crafting_table":1,"minecraft:stick":4,"minecraft:wooden_pickaxe":1,"minecraft:wooden_axe":1},"minecraft:killed_by":{"minecraft:player":1,"minecraft:skeleton":1},"minecraft:custom":{"minecraft:waystone_activated":1,"minecraft:time_since_rest":2165,"minecraft:sprint_one_cm":73216,"minecraft:damage_taken":890,"minecraft:walk_one_cm":63343,"minecraft:mob_kills":10,"minecraft:drop":1,"minecraft:damage_dealt":1094,"minecraft:swim_one_cm":8145,"minecraft:interact_with_crafting_table":3,"minecraft:fly_one_cm":130039,"minecraft:open_chest":11,"minecraft:play_time":26745,"minecraft:deaths":2,"minecraft:interact_with_campfire":4,"minecraft:sneak_time":76,"minecraft:walk_under_water_one_cm":6400,"minecraft:jump":659,"minecraft:leave_game":1,"minecraft:walk_on_water_one_cm":3596,"minecraft:time_since_death":4950,"minecraft:sleep_in_bed":1,"minecraft:climb_one_cm":1426,"minecraft:total_world_time":26745,"minecraft:fall_one_cm":25287},"minecraft:dropped":{"minecraft:leather_leggings":1}},"DataVersion":3337}