{"stats":{"minecraft:used":{"minecraft:dirt":2,"minecraft:bread":2},"minecraft:killed_by":{"minecraft:player":1},"minecraft:picked_up":{"biomesoplenty:toadstool":1,"biomesoplenty:fir_log":5,"minecraft:dirt":4,"minecraft:blue_bed":1},"minecraft:dropped":{"biomesoplenty:toadstool":1},"minecraft:crafted":{"biomesoplenty:fir_planks":20},"minecraft:custom":{"minecraft:open_chest":7,"minecraft:time_since_rest":889,"minecraft:crouch_one_cm":183,"minecraft:play_time":6892,"minecraft:sprint_one_cm":4968,"minecraft:deaths":1,"minecraft:damage_taken":231,"minecraft:walk_one_cm":38956,"minecraft:sneak_time":147,"minecraft:drop":1,"minecraft:jump":91,"minecraft:damage_dealt":10,"minecraft:time_since_death":843,"minecraft:total_world_time":6892,"minecraft:climb_one_cm":530,"minecraft:fall_one_cm":956,"minecraft:fly_one_cm":1319},"minecraft:mined":{"minecraft:grass":1,"minecraft:grass_block":1,"minecraft:dirt":2,"biomesoplenty:toadstool":1,"biomesoplenty:fir_log":5,"minecraft:blue_bed":1,"gravestone:gravestone":1,"minecraft:podzol":1}},"DataVersion":3337}