{"stats":{"minecraft:used":{"minecraft:bread":2,"minecraft:netherite_axe":4,"minecraft:totem_of_undying":1,"minecraft:golden_apple":5,"minecraft:dirt":6,"minecraft:bow":27,"minecraft:enchanted_golden_apple":13},"minecraft:killed_by":{"minecraft:player":1,"minecraft:stray":2},"minecraft:picked_up":{"biomesoplenty:toadstool":1,"minecraft:netherite_boots":1,"biomesoplenty:fir_log":5,"minecraft:netherite_leggings":1,"minecraft:blue_bed":1,"minecraft:dirt":8,"minecraft:arrow":64,"minecraft:bow":1,"minecraft:netherite_sword":3,"minecraft:golden_apple":128,"minecraft:totem_of_undying":29,"minecraft:enchanted_golden_apple":32,"minecraft:chest":2},"minecraft:dropped":{"biomesoplenty:toadstool":1,"minecraft:netherite_sword":2,"minecraft:chest":1,"gravestone:obituary":2},"minecraft:crafted":{"biomesoplenty:fir_planks":20},"minecraft:custom":{"minecraft:time_since_rest":7821,"minecraft:sprint_one_cm":37200,"minecraft:damage_absorbed":919,"minecraft:damage_taken":6847,"minecraft:walk_one_cm":66347,"minecraft:drop":6,"minecraft:damage_dealt":65,"minecraft:swim_one_cm":10258,"minecraft:fly_one_cm":19858,"minecraft:open_chest":8,"minecraft:crouch_one_cm":1470,"minecraft:play_time":18892,"minecraft:deaths":9,"minecraft:sneak_time":1029,"minecraft:walk_under_water_one_cm":7660,"minecraft:jump":252,"minecraft:walk_on_water_one_cm":5576,"minecraft:time_since_death":7793,"minecraft:damage_resisted":292,"minecraft:climb_one_cm":530,"minecraft:total_world_time":18892,"minecraft:fall_one_cm":21265},"minecraft:mined":{"minecraft:podzol":1,"biomesoplenty:toadstool":1,"biomesoplenty:fir_log":7,"gravestone:gravestone":2,"minecraft:grass":1,"minecraft:grass_block":1,"minecraft:chest":2,"minecraft:dirt":2,"minecraft:blue_bed":1}},"DataVersion":3337}