{"stats":{"minecraft:used":{"minecraft:netherite_sword":69,"minecraft:bread":2,"minecraft:netherite_chestplate":1,"minecraft:oak_planks":24,"minecraft:netherite_axe":12,"minecraft:totem_of_undying":6,"minecraft:gravel":2,"minecraft:netherite_boots":1,"minecraft:golden_apple":8,"minecraft:dirt":25,"minecraft:netherite_leggings":1,"minecraft:bow":81,"minecraft:netherite_helmet":1,"minecraft:enchanted_golden_apple":18},"minecraft:killed_by":{"minecraft:player":3,"witherstormmod:wither_storm":2,"minecraft:stray":2,"minecraft:creeper":1},"minecraft:picked_up":{"biomesoplenty:toadstool":1,"minecraft:netherite_boots":2,"minecraft:dandelion":1,"minecraft:gravel":2,"biomesoplenty:fir_log":5,"minecraft:oak_log":6,"minecraft:gunpowder":1,"minecraft:netherite_leggings":2,"minecraft:dirt":58,"minecraft:blue_bed":1,"minecraft:arrow":128,"minecraft:bow":2,"minecraft:netherite_helmet":1,"minecraft:wheat_seeds":2,"minecraft:netherite_sword":5,"minecraft:golden_apple":128,"minecraft:totem_of_undying":38,"minecraft:netherite_chestplate":1,"minecraft:enchanted_golden_apple":32,"minecraft:chest":2,"minecraft:cobblestone":27},"minecraft:dropped":{"biomesoplenty:toadstool":1,"minecraft:dirt":1,"minecraft:wheat_seeds":2,"minecraft:netherite_sword":3,"minecraft:chest":2,"gravestone:obituary":2},"minecraft:crafted":{"biomesoplenty:fir_planks":20,"minecraft:oak_planks":24},"minecraft:custom":{"minecraft:time_since_rest":1044,"minecraft:sprint_one_cm":85999,"minecraft:damage_taken":11523,"minecraft:damage_absorbed":1714,"minecraft:walk_one_cm":78211,"minecraft:mob_kills":1,"minecraft:drop":11,"minecraft:damage_dealt":1569,"minecraft:swim_one_cm":10258,"minecraft:fly_one_cm":71328,"minecraft:open_chest":8,"minecraft:crouch_one_cm":2741,"minecraft:play_time":30776,"minecraft:deaths":14,"minecraft:sneak_time":2813,"minecraft:walk_under_water_one_cm":7660,"minecraft:jump":571,"minecraft:leave_game":1,"minecraft:time_since_death":947,"minecraft:walk_on_water_one_cm":6171,"minecraft:total_world_time":30776,"minecraft:climb_one_cm":530,"minecraft:damage_resisted":1117,"minecraft:fall_one_cm":35344},"minecraft:mined":{"minecraft:podzol":1,"biomesoplenty:toadstool":1,"minecraft:fire":3,"biomesoplenty:fir_log":7,"gravestone:gravestone":2,"minecraft:grass":5,"minecraft:grass_block":2,"minecraft:oak_log":6,"minecraft:chest":2,"minecraft:dirt":2,"minecraft:oak_leaves":1,"minecraft:blue_bed":1,"minecraft:fern":4}},"DataVersion":3337}