{"stats":{"minecraft:killed":{"minecraft:sheep":1,"minecraft:zombie":3},"minecraft:used":{"minecraft:netherite_sword":108,"minecraft:netherite_chestplate":1,"minecraft:oak_planks":24,"minecraft:golden_apple":8,"minecraft:dirt":35,"minecraft:netherite_leggings":1,"minecraft:netherite_helmet":1,"minecraft:bread":2,"minecraft:netherite_axe":12,"minecraft:totem_of_undying":18,"minecraft:gravel":2,"minecraft:netherite_boots":1,"minecraft:cobblestone":6,"minecraft:bow":121,"travelersbackpack:sandstone":1,"minecraft:enchanted_golden_apple":18},"minecraft:killed_by":{"minecraft:player":7,"minecraft:stray":2,"minecraft:creeper":1,"witherstormmod:wither_storm":8},"minecraft:picked_up":{"minecraft:netherite_boots":2,"minecraft:leather":2,"biomesoplenty:fir_log":5,"minecraft:wither_rose":5,"travelersbackpack:sandstone":1,"minecraft:oak_log":6,"minecraft:gunpowder":2,"minecraft:netherite_leggings":2,"minecraft:blue_bed":1,"minecraft:dirt":82,"minecraft:bow":2,"minecraft:wheat_seeds":4,"minecraft:netherite_sword":7,"minecraft:beef":2,"minecraft:enchanted_golden_apple":32,"minecraft:chest":2,"biomesoplenty:toadstool":1,"minecraft:dandelion":2,"minecraft:gravel":2,"minecraft:ink_sac":9,"minecraft:diorite":12,"minecraft:pumpkin_seeds":1,"minecraft:arrow":130,"minecraft:netherite_helmet":1,"minecraft:golden_apple":128,"minecraft:totem_of_undying":44,"minecraft:netherite_chestplate":1,"minecraft:cobblestone":34},"minecraft:dropped":{"biomesoplenty:toadstool":1,"minecraft:wheat_seeds":2,"minecraft:netherite_sword":4,"minecraft:cobblestone":1,"minecraft:pumpkin_seeds":1,"minecraft:dirt":7,"minecraft:gunpowder":2,"minecraft:diorite":12,"minecraft:chest":2,"gravestone:obituary":2,"minecraft:bow":1,"minecraft:dandelion":2},"minecraft:crafted":{"minecraft:oak_planks":24,"biomesoplenty:fir_planks":20},"minecraft:broken":{"minecraft:netherite_helmet":1,"minecraft:netherite_sword":1},"minecraft:custom":{"minecraft:mob_kills":5,"minecraft:leave_game":1,"minecraft:time_since_death":545,"minecraft:damage_resisted":1117,"minecraft:climb_one_cm":530,"minecraft:time_since_rest":611,"minecraft:sprint_one_cm":129349,"minecraft:walk_one_cm":88676,"minecraft:damage_taken":19259,"minecraft:damage_absorbed":2279,"minecraft:drop":28,"minecraft:damage_dealt":2568,"minecraft:swim_one_cm":22053,"minecraft:fly_one_cm":145161,"minecraft:player_kills":1,"minecraft:open_chest":8,"minecraft:crouch_one_cm":3243,"minecraft:play_time":42776,"minecraft:deaths":24,"minecraft:sneak_time":3086,"minecraft:walk_under_water_one_cm":13457,"minecraft:jump":930,"minecraft:walk_on_water_one_cm":10965,"minecraft:total_world_time":42776,"minecraft:fall_one_cm":60570},"minecraft:mined":{"minecraft:podzol":1,"gravestone:gravestone":2,"minecraft:grass_block":2,"minecraft:chest":2,"minecraft:blue_bed":1,"biomesoplenty:toadstool":2,"minecraft:fire":3,"biomesoplenty:fir_log":7,"minecraft:grass":6,"minecraft:oak_log":6,"minecraft:dirt":2,"minecraft:oak_leaves":1,"minecraft:fern":4}},"DataVersion":3337}