{"stats":{"minecraft:killed_by":{"minecraft:player":1},"minecraft:picked_up":{"gravestone:obituary":1},"minecraft:mined":{"minecraft:grass":2,"minecraft:rose_bush":1},"minecraft:custom":{"minecraft:jump":78,"minecraft:time_since_rest":10106,"minecraft:damage_dealt":45,"minecraft:damage_taken":343,"minecraft:leave_game":1,"minecraft:play_time":10783,"minecraft:sprint_one_cm":12380,"minecraft:time_since_death":10078,"minecraft:walk_one_cm":12449,"minecraft:deaths":1,"minecraft:bell_ring":13,"minecraft:total_world_time":10783,"minecraft:climb_one_cm":341,"minecraft:walk_under_water_one_cm":226,"minecraft:drop":2,"minecraft:fall_one_cm":3052,"minecraft:fly_one_cm":14428,"minecraft:walk_on_water_one_cm":446},"minecraft:dropped":{"gravestone:obituary":2}},"DataVersion":3337}