{"stats":{"minecraft:killed_by":{"minecraft:player":2},"minecraft:picked_up":{"minecraft:leather_leggings":1,"minecraft:rose_bush":1,"gravestone:obituary":1,"minecraft:golden_boots":1},"minecraft:mined":{"minecraft:grass":2,"minecraft:rose_bush":1},"minecraft:custom":{"minecraft:time_since_rest":6239,"minecraft:sprint_one_cm":15000,"minecraft:play_time":20138,"minecraft:deaths":2,"minecraft:damage_taken":636,"minecraft:walk_one_cm":18697,"minecraft:bell_ring":13,"minecraft:sneak_time":15,"minecraft:walk_under_water_one_cm":226,"minecraft:drop":3,"minecraft:jump":99,"minecraft:damage_dealt":45,"minecraft:leave_game":2,"minecraft:walk_on_water_one_cm":446,"minecraft:time_since_death":6209,"minecraft:climb_one_cm":341,"minecraft:total_world_time":20138,"minecraft:fall_one_cm":3598,"minecraft:fly_one_cm":17608},"minecraft:dropped":{"gravestone:obituary":3}},"DataVersion":3337}