{"stats":{"minecraft:picked_up":{"minecraft:rotten_flesh":2},"minecraft:killed":{"minecraft:zombie":1},"minecraft:mined":{"minecraft:fern":2},"minecraft:custom":{"minecraft:jump":24,"minecraft:time_since_rest":4508,"minecraft:damage_dealt":96,"minecraft:crouch_one_cm":266,"minecraft:leave_game":1,"minecraft:sprint_one_cm":363,"minecraft:play_time":4508,"minecraft:damage_taken":225,"minecraft:time_since_death":4508,"minecraft:walk_one_cm":4857,"minecraft:sneak_time":189,"minecraft:total_world_time":4508,"minecraft:mob_kills":1,"minecraft:fall_one_cm":1726,"minecraft:fly_one_cm":320}},"DataVersion":3337}