{"stats":{"minecraft:killed_by":{"minecraft:player":1},"minecraft:mined":{"minecraft:bookshelf":9,"minecraft:chest":2,"minecraft:lantern":1,"minecraft:furnace":1,"minecraft:lectern":1,"minecraft:dispenser":6,"gravestone:gravestone":1,"minecraft:crafting_table":1,"biomesoplenty:fir_log":6},"minecraft:crafted":{"biomesoplenty:fir_planks":24,"minecraft:crafting_table":1,"minecraft:stick":4,"minecraft:wooden_pickaxe":1,"minecraft:wooden_axe":1},"minecraft:used":{"minecraft:wooden_axe":3,"minecraft:crafting_table":1,"minecraft:lantern":1,"minecraft:wooden_pickaxe":8},"minecraft:picked_up":{"minecraft:book":27,"minecraft:crafting_table":1,"minecraft:dispenser":6,"minecraft:writable_book":1,"biomesoplenty:fir_log":6,"minecraft:porkchop":1,"minecraft:lectern":1,"minecraft:furnace":1,"minecraft:chest":2,"minecraft:lantern":2},"minecraft:custom":{"minecraft:time_since_rest":891,"minecraft:open_chest":3,"minecraft:crouch_one_cm":72,"minecraft:play_time":8679,"minecraft:sprint_one_cm":13225,"minecraft:deaths":1,"minecraft:damage_taken":298,"minecraft:walk_one_cm":14228,"minecraft:sneak_time":143,"minecraft:jump":109,"minecraft:leave_game":2,"minecraft:time_since_death":866,"minecraft:sleep_in_bed":1,"minecraft:total_world_time":8679,"minecraft:climb_one_cm":196,"minecraft:interact_with_crafting_table":2,"minecraft:fall_one_cm":2781,"minecraft:fly_one_cm":15683,"minecraft:inspect_dispenser":1}},"DataVersion":3337}