{"stats":{"minecraft:killed_by":{"minecraft:ghast":1,"minecraft:player":9,"minecraft:wither_skeleton":6,"minecraft:piglin_brute":5,"minecraft:creeper":1,"minecraft:magma_cube":2,"minecraft:piglin":1,"minecraft:hoglin":2,"minecraft:skeleton":9,"minecraft:blaze":1},"minecraft:used":{"minecraft:rose_bush":3,"minecraft:stone_sword":32,"minecraft:stone_shovel":2,"minecraft:chest":2,"minecraft:spruce_planks":96,"minecraft:shield":34,"minecraft:iron_sword":124,"minecraft:rotten_flesh":4,"minecraft:netherrack":153,"minecraft:torch":15,"minecraft:soul_sand":3,"minecraft:dirt":21,"minecraft:mutton":1,"minecraft:wooden_axe":92,"minecraft:lantern":3,"minecraft:barrel":2,"minecraft:golden_sword":1,"minecraft:basalt":17,"minecraft:golden_carrot":10,"minecraft:bow":2,"minecraft:sweet_berries":43,"minecraft:furnace":3,"biomesoplenty:rose_quartz_block":1,"biomesoplenty:blood_bucket":1,"minecraft:egg":2,"minecraft:cobbled_deepslate":52,"minecraft:cooked_mutton":7,"minecraft:baked_potato":11,"minecraft:oak_planks":2,"minecraft:stone_pickaxe":519,"minecraft:wooden_pickaxe":135,"biomesoplenty:fir_planks":8,"minecraft:polished_blackstone_bricks":1,"minecraft:crafting_table":8,"minecraft:red_mushroom":1,"minecraft:blackstone_wall":1,"minecraft:spruce_log":29,"minecraft:black_wool":1,"minecraft:cracked_polished_blackstone_bricks":1,"minecraft:iron_pickaxe":250,"minecraft:deepslate":2,"minecraft:lilac":1,"minecraft:blackstone_slab":1,"minecraft:stone_axe":105,"minecraft:fishing_rod":4,"minecraft:cobblestone":126,"travelersbackpack:standard":3,"minecraft:purple_bed":1,"minecraft:porkchop":4,"minecraft:cooked_porkchop":19,"minecraft:bucket":1},"minecraft:picked_up":{"minecraft:fishing_rod":1,"minecraft:crafting_table":4,"minecraft:iron_chestplate":3,"minecraft:wheat":1,"minecraft:chicken":1,"minecraft:brown_mushroom":1,"minecraft:chain":2,"gravestone:obituary":51,"minecraft:shield":1,"biomesoplenty:rose_quartz_shard":8,"minecraft:string":4,"minecraft:raw_copper":30,"minecraft:iron_axe":1,"minecraft:flint_and_steel":1,"minecraft:iron_leggings":3,"minecraft:gold_nugget":1,"minecraft:cobbled_deepslate":65,"biomesoplenty:fir_planks":17,"minecraft:spruce_planks":52,"minecraft:beef":7,"minecraft:rose_bush":6,"minecraft:poppy":3,"minecraft:iron_pickaxe":2,"minecraft:lectern":1,"minecraft:chest":4,"minecraft:furnace":2,"minecraft:iron_boots":2,"minecraft:egg":2,"minecraft:stick":4,"minecraft:raw_iron":31,"minecraft:torch":13,"minecraft:porkchop":16,"minecraft:polished_blackstone_bricks":9,"minecraft:cauldron":8,"minecraft:arrow":8,"minecraft:stone_shovel":1,"minecraft:rotten_flesh":37,"minecraft:blackstone_wall":1,"minecraft:blaze_rod":1,"minecraft:mutton":16,"minecraft:cod":1,"minecraft:white_wool":7,"minecraft:cobblestone":377,"minecraft:basalt":25,"minecraft:feather":2,"minecraft:lilac":3,"minecraft:magma_cream":2,"minecraft:andesite":3,"minecraft:brown_wool":1,"minecraft:leather":6,"minecraft:blackstone_slab":1,"minecraft:red_mushroom":1,"biomesoplenty:fir_log":6,"minecraft:flint":1,"minecraft:oak_log":2,"minecraft:golden_boots":1,"minecraft:cobblestone_wall":1,"minecraft:gunpowder":2,"minecraft:cobblestone_stairs":1,"minecraft:dirt":32,"minecraft:lantern":33,"minecraft:bone":16,"minecraft:iron_ingot":20,"minecraft:iron_sword":1,"minecraft:soul_sand":4,"minecraft:book":27,"minecraft:cooked_porkchop":9,"minecraft:sweet_berries":32,"minecraft:quartz":1,"minecraft:dandelion":1,"minecraft:gravel":9,"minecraft:sand":5,"minecraft:spruce_sapling":4,"minecraft:white_bed":1,"minecraft:spruce_log":105,"minecraft:spider_eye":1,"minecraft:barrel":2,"minecraft:mossy_cobblestone":12,"travelersbackpack:standard":3,"minecraft:dispenser":6,"minecraft:purple_bed":2,"minecraft:deepslate":2,"minecraft:writable_book":1,"minecraft:cracked_polished_blackstone_bricks":3,"minecraft:iron_helmet":2,"minecraft:granite":27,"minecraft:baked_potato":40,"minecraft:netherrack":269,"minecraft:melon_seeds":2,"minecraft:black_wool":2,"minecraft:coal":41,"minecraft:crimson_roots":1},"minecraft:killed":{"minecraft:spider":6,"minecraft:skeleton":5,"minecraft:chicken":1,"minecraft:magma_cube":17,"minecraft:piglin":1,"minecraft:pig":7,"minecraft:creeper":1,"minecraft:sheep":9,"minecraft:zombie":12,"minecraft:cow":3},"minecraft:crafted":{"minecraft:oak_planks":8,"minecraft:furnace":1,"biomesoplenty:rose_quartz_block":1,"minecraft:cooked_mutton":7,"minecraft:stone_pickaxe":4,"minecraft:cooked_porkchop":12,"minecraft:crafting_table":5,"minecraft:spruce_planks":152,"minecraft:wooden_pickaxe":4,"minecraft:iron_sword":1,"minecraft:bucket":1,"minecraft:stone_axe":2,"minecraft:air":0,"biomesoplenty:fir_planks":24,"minecraft:shield":2,"minecraft:stick":28,"minecraft:iron_ingot":6,"minecraft:iron_pickaxe":1,"minecraft:wooden_axe":2},"minecraft:mined":{"minecraft:spruce_planks":18,"minecraft:mossy_cobblestone":13,"minecraft:blackstone_wall":1,"minecraft:cobblestone_stairs":1,"minecraft:granite":24,"gravestone:gravestone":31,"minecraft:grass_block":7,"minecraft:crimson_roots":3,"minecraft:cracked_polished_blackstone_bricks":3,"minecraft:spruce_leaves":7,"minecraft:large_fern":2,"minecraft:polished_blackstone_bricks":9,"minecraft:furnace":2,"minecraft:iron_ore":31,"minecraft:barrel":2,"minecraft:cobbled_deepslate":14,"minecraft:fire":11,"minecraft:andesite":1,"minecraft:bookshelf":9,"minecraft:dirt_path":1,"biomesoplenty:webbing":1,"minecraft:lantern":28,"minecraft:stone":259,"biomesoplenty:rose_quartz_cluster":3,"minecraft:soul_sand":4,"minecraft:basalt":25,"travelersbackpack:standard":2,"minecraft:crafting_table":5,"minecraft:torch":8,"minecraft:blackstone_slab":1,"biomesoplenty:fir_planks":2,"minecraft:chest":4,"minecraft:rose_bush":6,"minecraft:lectern":1,"minecraft:nether_quartz_ore":1,"minecraft:copper_ore":6,"minecraft:cobblestone":101,"biomesoplenty:sprout":22,"minecraft:wall_torch":5,"minecraft:cauldron":4,"minecraft:deepslate_copper_ore":2,"minecraft:chain":2,"minecraft:purple_bed":2,"minecraft:cobblestone_wall":1,"minecraft:sweet_berry_bush":5,"minecraft:lava_cauldron":4,"minecraft:lilac":2,"minecraft:spruce_log":106,"biomesoplenty:fir_log":6,"minecraft:grass":10,"minecraft:oak_log":2,"minecraft:coal_ore":39,"minecraft:gravel":9,"minecraft:dirt":12,"minecraft:dispenser":6,"minecraft:netherrack":243,"minecraft:oak_leaves":6,"minecraft:deepslate":65},"minecraft:custom":{"minecraft:mob_kills":59,"minecraft:interact_with_crafting_table":17,"minecraft:open_barrel":34,"minecraft:leave_game":6,"minecraft:time_since_death":58670,"minecraft:climb_one_cm":946,"minecraft:sprint_one_cm":704065,"minecraft:walk_one_cm":473747,"minecraft:damage_blocked_by_shield":2290,"minecraft:drop":150,"minecraft:play_time":322420,"minecraft:sneak_time":4416,"minecraft:deaths":40,"minecraft:walk_under_water_one_cm":5196,"minecraft:jump":5767,"minecraft:enchant_item":1,"minecraft:walk_on_water_one_cm":21855,"minecraft:total_world_time":322420,"minecraft:interact_with_furnace":15,"minecraft:sleep_in_bed":9,"minecraft:time_since_rest":58698,"minecraft:damage_taken":14134,"minecraft:damage_dealt":9645,"minecraft:player_kills":4,"minecraft:swim_one_cm":4849,"minecraft:fly_one_cm":1064968,"minecraft:open_chest":39,"minecraft:crouch_one_cm":12320,"minecraft:fish_caught":1,"minecraft:fall_one_cm":181370,"minecraft:inspect_dispenser":1},"minecraft:broken":{"minecraft:golden_helmet":1,"minecraft:iron_boots":1,"minecraft:iron_leggings":1,"minecraft:leather_chestplate":1,"minecraft:wooden_pickaxe":2,"minecraft:stone_pickaxe":3,"minecraft:shield":1,"minecraft:stone_axe":1,"minecraft:iron_sword":1,"minecraft:iron_pickaxe":1,"minecraft:iron_helmet":1,"minecraft:wooden_axe":1,"minecraft:golden_chestplate":1},"minecraft:dropped":{"biomesoplenty:fir_log":21,"minecraft:bread":8,"minecraft:soul_sand":1,"minecraft:lilac":1,"minecraft:golden_horse_armor":1,"minecraft:diamond":2,"minecraft:crafting_table":2,"minecraft:cooked_porkchop":2,"minecraft:saddle":1,"minecraft:leather_helmet":1,"biomesoplenty:rose_quartz_shard":4,"minecraft:stick":5,"minecraft:dirt":1,"minecraft:crimson_roots":1,"minecraft:rose_bush":3,"minecraft:iron_leggings":1,"gravestone:obituary":87,"minecraft:string":3,"travelersbackpack:backpack_tank":2,"minecraft:white_wool":3,"minecraft:bone":17,"minecraft:stone_sword":1,"minecraft:cobblestone_wall":1,"minecraft:music_disc_otherside":1,"minecraft:rotten_flesh":15,"minecraft:wither_skeleton_skull":1,"minecraft:fern":1,"minecraft:name_tag":3,"minecraft:iron_chestplate":1,"minecraft:leather_boots":2,"minecraft:leather_leggings":1,"minecraft:spruce_log":64,"minecraft:arrow":3,"minecraft:bow":1,"minecraft:quartz":1,"minecraft:netherrack":30}},"DataVersion":3337}