{"stats":{"minecraft:killed":{"minecraft:skeleton":5,"minecraft:chicken":1,"minecraft:magma_cube":17,"minecraft:piglin":1,"minecraft:pig":7,"minecraft:sheep":4,"minecraft:zombie":5,"minecraft:cow":3},"minecraft:picked_up":{"minecraft:crafting_table":2,"minecraft:iron_chestplate":2,"minecraft:chicken":1,"minecraft:brown_mushroom":1,"gravestone:obituary":50,"minecraft:chain":2,"minecraft:shield":1,"biomesoplenty:rose_quartz_shard":8,"minecraft:string":1,"minecraft:iron_axe":1,"minecraft:flint_and_steel":1,"minecraft:iron_leggings":2,"minecraft:gold_nugget":1,"biomesoplenty:fir_planks":15,"minecraft:spruce_planks":10,"minecraft:beef":7,"minecraft:rose_bush":6,"minecraft:poppy":3,"minecraft:iron_pickaxe":1,"minecraft:lectern":1,"minecraft:chest":2,"minecraft:egg":1,"minecraft:iron_boots":1,"minecraft:furnace":1,"minecraft:stick":4,"minecraft:raw_iron":6,"minecraft:torch":10,"minecraft:porkchop":16,"minecraft:polished_blackstone_bricks":9,"minecraft:cauldron":8,"minecraft:arrow":8,"minecraft:rotten_flesh":23,"minecraft:stone_shovel":1,"minecraft:blackstone_wall":1,"minecraft:blaze_rod":1,"minecraft:mutton":8,"minecraft:white_wool":4,"minecraft:cobblestone":45,"minecraft:feather":2,"minecraft:lilac":3,"minecraft:basalt":25,"minecraft:magma_cream":2,"minecraft:leather":6,"minecraft:blackstone_slab":1,"minecraft:red_mushroom":1,"biomesoplenty:fir_log":6,"minecraft:oak_log":2,"minecraft:cobblestone_wall":1,"minecraft:cobblestone_stairs":1,"minecraft:dirt":8,"minecraft:lantern":33,"minecraft:bone":16,"minecraft:iron_ingot":14,"minecraft:soul_sand":4,"minecraft:iron_sword":1,"minecraft:book":27,"minecraft:cooked_porkchop":9,"minecraft:sweet_berries":32,"minecraft:quartz":1,"minecraft:dandelion":1,"minecraft:spruce_sapling":4,"minecraft:white_bed":1,"minecraft:spruce_log":105,"minecraft:barrel":2,"travelersbackpack:standard":2,"minecraft:dispenser":6,"minecraft:writable_book":1,"minecraft:iron_helmet":1,"minecraft:cracked_polished_blackstone_bricks":3,"minecraft:baked_potato":3,"minecraft:black_wool":1,"minecraft:netherrack":269,"minecraft:coal":17,"minecraft:crimson_roots":1},"minecraft:used":{"minecraft:rose_bush":2,"minecraft:stone_shovel":2,"minecraft:chest":2,"minecraft:spruce_planks":82,"minecraft:shield":26,"minecraft:iron_sword":93,"minecraft:rotten_flesh":1,"minecraft:netherrack":153,"minecraft:torch":12,"minecraft:soul_sand":3,"minecraft:dirt":3,"minecraft:mutton":1,"minecraft:wooden_axe":92,"minecraft:lantern":3,"minecraft:barrel":2,"minecraft:basalt":17,"minecraft:golden_sword":1,"minecraft:golden_carrot":10,"minecraft:bow":2,"minecraft:sweet_berries":43,"minecraft:furnace":2,"biomesoplenty:rose_quartz_block":1,"minecraft:egg":1,"minecraft:cooked_mutton":2,"minecraft:stone_pickaxe":251,"minecraft:wooden_pickaxe":135,"biomesoplenty:fir_planks":6,"minecraft:polished_blackstone_bricks":1,"minecraft:crafting_table":5,"minecraft:red_mushroom":1,"minecraft:blackstone_wall":1,"minecraft:spruce_log":29,"minecraft:black_wool":1,"minecraft:cracked_polished_blackstone_bricks":1,"minecraft:lilac":1,"minecraft:blackstone_slab":1,"minecraft:stone_axe":98,"minecraft:cobblestone":26,"travelersbackpack:standard":1,"minecraft:cooked_porkchop":19,"minecraft:porkchop":4},"minecraft:mined":{"minecraft:spruce_planks":10,"minecraft:blackstone_wall":1,"minecraft:cobblestone_stairs":1,"gravestone:gravestone":27,"minecraft:grass_block":1,"minecraft:crimson_roots":3,"minecraft:cracked_polished_blackstone_bricks":3,"minecraft:spruce_leaves":7,"minecraft:polished_blackstone_bricks":9,"minecraft:furnace":1,"minecraft:barrel":2,"minecraft:iron_ore":6,"minecraft:fire":11,"minecraft:bookshelf":9,"biomesoplenty:webbing":1,"minecraft:lantern":28,"minecraft:stone":19,"biomesoplenty:rose_quartz_cluster":3,"minecraft:soul_sand":4,"minecraft:basalt":25,"travelersbackpack:standard":2,"minecraft:crafting_table":2,"minecraft:torch":7,"minecraft:blackstone_slab":1,"minecraft:chest":2,"minecraft:rose_bush":5,"minecraft:lectern":1,"minecraft:nether_quartz_ore":1,"minecraft:cobblestone":8,"biomesoplenty:sprout":18,"minecraft:wall_torch":3,"minecraft:cauldron":4,"minecraft:chain":2,"minecraft:cobblestone_wall":1,"minecraft:sweet_berry_bush":5,"minecraft:lava_cauldron":4,"minecraft:lilac":2,"minecraft:spruce_log":106,"biomesoplenty:fir_log":6,"minecraft:grass":9,"minecraft:oak_log":2,"minecraft:coal_ore":15,"minecraft:dirt":5,"minecraft:dispenser":6,"minecraft:netherrack":243,"minecraft:oak_leaves":6},"minecraft:crafted":{"minecraft:oak_planks":8,"minecraft:furnace":1,"biomesoplenty:rose_quartz_block":1,"minecraft:cooked_mutton":7,"minecraft:stone_pickaxe":3,"minecraft:cooked_porkchop":12,"minecraft:crafting_table":4,"minecraft:spruce_planks":152,"minecraft:wooden_pickaxe":4,"minecraft:iron_sword":1,"minecraft:stone_axe":1,"minecraft:air":0,"biomesoplenty:fir_planks":24,"minecraft:shield":1,"minecraft:stick":28,"minecraft:iron_ingot":6,"minecraft:iron_pickaxe":1,"minecraft:wooden_axe":2},"minecraft:killed_by":{"minecraft:ghast":1,"minecraft:player":5,"minecraft:wither_skeleton":6,"minecraft:piglin_brute":5,"minecraft:creeper":1,"minecraft:magma_cube":2,"minecraft:piglin":1,"minecraft:hoglin":2,"minecraft:skeleton":9,"minecraft:blaze":1},"minecraft:custom":{"minecraft:mob_kills":41,"minecraft:interact_with_crafting_table":13,"minecraft:open_barrel":30,"minecraft:leave_game":5,"minecraft:time_since_death":3761,"minecraft:climb_one_cm":196,"minecraft:sprint_one_cm":521432,"minecraft:walk_one_cm":315562,"minecraft:damage_blocked_by_shield":1815,"minecraft:drop":142,"minecraft:play_time":179733,"minecraft:deaths":36,"minecraft:sneak_time":3374,"minecraft:walk_under_water_one_cm":1237,"minecraft:jump":4107,"minecraft:enchant_item":1,"minecraft:walk_on_water_one_cm":1254,"minecraft:total_world_time":179733,"minecraft:interact_with_furnace":15,"minecraft:sleep_in_bed":3,"minecraft:time_since_rest":3805,"minecraft:damage_taken":12439,"minecraft:damage_dealt":6495,"minecraft:swim_one_cm":4849,"minecraft:fly_one_cm":773613,"minecraft:player_kills":4,"minecraft:open_chest":20,"minecraft:crouch_one_cm":10069,"minecraft:fall_one_cm":136762,"minecraft:inspect_dispenser":1},"minecraft:broken":{"minecraft:iron_boots":1,"minecraft:iron_leggings":1,"minecraft:wooden_pickaxe":2,"minecraft:stone_pickaxe":1,"minecraft:stone_axe":1,"minecraft:iron_helmet":1,"minecraft:wooden_axe":1},"minecraft:dropped":{"biomesoplenty:fir_log":21,"minecraft:bread":8,"minecraft:soul_sand":1,"minecraft:lilac":1,"minecraft:diamond":2,"minecraft:golden_horse_armor":1,"minecraft:crafting_table":2,"minecraft:cooked_porkchop":2,"minecraft:saddle":1,"minecraft:leather_helmet":1,"biomesoplenty:rose_quartz_shard":4,"minecraft:stick":5,"minecraft:dirt":1,"minecraft:crimson_roots":1,"minecraft:rose_bush":3,"minecraft:iron_leggings":1,"gravestone:obituary":81,"minecraft:string":3,"travelersbackpack:backpack_tank":2,"minecraft:white_wool":3,"minecraft:bone":17,"minecraft:stone_sword":1,"minecraft:cobblestone_wall":1,"minecraft:music_disc_otherside":1,"minecraft:rotten_flesh":14,"minecraft:wither_skeleton_skull":1,"minecraft:fern":1,"minecraft:name_tag":3,"minecraft:iron_chestplate":1,"minecraft:leather_boots":1,"minecraft:leather_leggings":1,"minecraft:spruce_log":64,"minecraft:arrow":3,"minecraft:bow":1,"minecraft:quartz":1,"minecraft:netherrack":30}},"DataVersion":3337}