{"stats":{"minecraft:killed_by":{"minecraft:player":1},"minecraft:mined":{"minecraft:furnace":1,"minecraft:cobblestone_wall":1,"minecraft:cobblestone_stairs":1,"minecraft:lilac":1,"minecraft:spruce_log":16,"biomesoplenty:fir_log":6,"minecraft:crafting_table":1,"gravestone:gravestone":1,"minecraft:grass":1,"minecraft:bookshelf":9,"minecraft:chest":2,"minecraft:lantern":1,"minecraft:lectern":1,"minecraft:cobblestone":1,"biomesoplenty:sprout":1,"minecraft:dispenser":6},"minecraft:used":{"minecraft:wooden_axe":29,"minecraft:lantern":1,"minecraft:wooden_pickaxe":11,"minecraft:crafting_table":1,"minecraft:spruce_log":6},"minecraft:crafted":{"biomesoplenty:fir_planks":24,"minecraft:crafting_table":1,"minecraft:stick":4,"minecraft:wooden_pickaxe":1,"minecraft:wooden_axe":1},"minecraft:picked_up":{"minecraft:book":27,"minecraft:crafting_table":1,"minecraft:lilac":1,"biomesoplenty:fir_log":6,"minecraft:porkchop":8,"minecraft:spruce_log":16,"minecraft:cobblestone_wall":1,"minecraft:cobblestone_stairs":1,"minecraft:lantern":2,"minecraft:dispenser":6,"minecraft:writable_book":1,"minecraft:lectern":1,"minecraft:chest":2,"minecraft:egg":1,"minecraft:cobblestone":1,"minecraft:furnace":1},"minecraft:custom":{"minecraft:time_since_rest":5868,"minecraft:interact_with_furnace":1,"minecraft:sprint_one_cm":34683,"minecraft:damage_taken":318,"minecraft:walk_one_cm":20544,"minecraft:mob_kills":3,"minecraft:damage_dealt":397,"minecraft:swim_one_cm":4849,"minecraft:interact_with_crafting_table":2,"minecraft:fly_one_cm":51053,"minecraft:open_chest":3,"minecraft:crouch_one_cm":72,"minecraft:play_time":13656,"minecraft:deaths":1,"minecraft:sneak_time":149,"minecraft:walk_under_water_one_cm":1237,"minecraft:jump":276,"minecraft:leave_game":2,"minecraft:walk_on_water_one_cm":1186,"minecraft:time_since_death":5843,"minecraft:sleep_in_bed":1,"minecraft:climb_one_cm":196,"minecraft:total_world_time":13656,"minecraft:fall_one_cm":6357,"minecraft:inspect_dispenser":1},"minecraft:killed":{"minecraft:pig":3}},"DataVersion":3337}