{"stats":{"minecraft:killed_by":{"minecraft:player":2},"minecraft:mined":{"minecraft:cobblestone_stairs":1,"minecraft:crafting_table":1,"minecraft:torch":1,"gravestone:gravestone":2,"minecraft:chest":2,"minecraft:lectern":1,"minecraft:cobblestone":8,"biomesoplenty:sprout":1,"minecraft:furnace":1,"minecraft:cobblestone_wall":1,"minecraft:sweet_berry_bush":1,"minecraft:lilac":1,"minecraft:spruce_log":16,"biomesoplenty:fir_log":6,"minecraft:grass":3,"minecraft:bookshelf":9,"minecraft:lantern":3,"minecraft:dispenser":6},"minecraft:crafted":{"minecraft:cooked_porkchop":8,"minecraft:crafting_table":1,"minecraft:wooden_pickaxe":1,"minecraft:stone_axe":1,"minecraft:air":0,"biomesoplenty:fir_planks":24,"minecraft:stick":8,"minecraft:stone_pickaxe":1,"minecraft:wooden_axe":1},"minecraft:used":{"minecraft:stone_pickaxe":10,"minecraft:wooden_pickaxe":11,"minecraft:dirt":2,"minecraft:mutton":1,"minecraft:crafting_table":1,"minecraft:spruce_log":6,"minecraft:wooden_axe":33,"minecraft:lantern":3,"minecraft:stone_axe":3,"minecraft:cobblestone":9,"minecraft:sweet_berries":23,"minecraft:furnace":1,"minecraft:cooked_porkchop":2,"minecraft:egg":1},"minecraft:dropped":{"minecraft:rotten_flesh":3,"minecraft:fern":1,"gravestone:obituary":3},"minecraft:picked_up":{"minecraft:crafting_table":1,"minecraft:iron_chestplate":1,"minecraft:lilac":1,"biomesoplenty:fir_log":6,"gravestone:obituary":1,"minecraft:cobblestone_wall":1,"minecraft:cobblestone_stairs":1,"minecraft:dirt":3,"minecraft:lantern":4,"minecraft:iron_leggings":1,"biomesoplenty:fir_planks":1,"minecraft:lectern":1,"minecraft:chest":2,"minecraft:furnace":1,"minecraft:iron_boots":1,"minecraft:egg":1,"minecraft:book":27,"minecraft:sweet_berries":17,"minecraft:torch":1,"minecraft:porkchop":8,"minecraft:spruce_log":17,"minecraft:dispenser":6,"minecraft:writable_book":1,"minecraft:iron_helmet":1,"minecraft:mutton":1,"minecraft:white_wool":1,"minecraft:cobblestone":26},"minecraft:custom":{"minecraft:interact_with_furnace":7,"minecraft:mob_kills":4,"minecraft:interact_with_crafting_table":3,"minecraft:leave_game":2,"minecraft:time_since_death":9610,"minecraft:sleep_in_bed":2,"minecraft:climb_one_cm":196,"minecraft:time_since_rest":4177,"minecraft:sprint_one_cm":77718,"minecraft:damage_taken":849,"minecraft:walk_one_cm":47139,"minecraft:drop":5,"minecraft:damage_dealt":690,"minecraft:swim_one_cm":4849,"minecraft:fly_one_cm":129506,"minecraft:open_chest":6,"minecraft:crouch_one_cm":76,"minecraft:play_time":25656,"minecraft:deaths":2,"minecraft:sneak_time":160,"minecraft:walk_under_water_one_cm":1237,"minecraft:jump":665,"minecraft:walk_on_water_one_cm":1254,"minecraft:total_world_time":25656,"minecraft:fall_one_cm":20111,"minecraft:inspect_dispenser":1},"minecraft:killed":{"minecraft:pig":3,"minecraft:zombie":1}},"DataVersion":3337}