{"stats":{"minecraft:killed":{"minecraft:skeleton":3,"minecraft:chicken":1,"minecraft:magma_cube":14,"minecraft:pig":4,"minecraft:zombie":2},"minecraft:picked_up":{"minecraft:crafting_table":1,"minecraft:iron_chestplate":2,"minecraft:chicken":1,"minecraft:brown_mushroom":1,"gravestone:obituary":41,"minecraft:chain":2,"minecraft:shield":1,"biomesoplenty:rose_quartz_shard":8,"minecraft:string":1,"minecraft:iron_axe":1,"minecraft:flint_and_steel":1,"minecraft:iron_leggings":1,"biomesoplenty:fir_planks":15,"minecraft:spruce_planks":8,"minecraft:rose_bush":5,"minecraft:iron_pickaxe":1,"minecraft:lectern":1,"minecraft:chest":2,"minecraft:egg":1,"minecraft:iron_boots":1,"minecraft:furnace":1,"minecraft:raw_iron":6,"minecraft:torch":10,"minecraft:porkchop":12,"minecraft:polished_blackstone_bricks":9,"minecraft:arrow":5,"minecraft:rotten_flesh":14,"minecraft:stone_shovel":1,"minecraft:blackstone_wall":1,"minecraft:mutton":1,"minecraft:white_wool":1,"minecraft:cobblestone":45,"minecraft:feather":2,"minecraft:lilac":3,"minecraft:basalt":3,"minecraft:magma_cream":2,"minecraft:leather":2,"minecraft:blackstone_slab":1,"biomesoplenty:fir_log":6,"minecraft:cobblestone_wall":1,"minecraft:cobblestone_stairs":1,"minecraft:dirt":5,"minecraft:lantern":33,"minecraft:bone":9,"minecraft:iron_ingot":14,"minecraft:iron_sword":1,"minecraft:book":27,"minecraft:sweet_berries":17,"minecraft:quartz":1,"minecraft:white_bed":1,"minecraft:spruce_log":17,"minecraft:dispenser":6,"minecraft:writable_book":1,"minecraft:iron_helmet":1,"minecraft:cracked_polished_blackstone_bricks":3,"minecraft:baked_potato":3,"minecraft:netherrack":252,"minecraft:coal":15},"minecraft:used":{"minecraft:rose_bush":1,"minecraft:stone_shovel":2,"minecraft:chest":2,"minecraft:spruce_planks":60,"minecraft:iron_sword":2,"minecraft:rotten_flesh":1,"minecraft:netherrack":128,"minecraft:torch":12,"minecraft:dirt":3,"minecraft:mutton":1,"minecraft:wooden_axe":33,"minecraft:lantern":3,"minecraft:basalt":2,"minecraft:golden_carrot":9,"minecraft:bow":2,"minecraft:sweet_berries":23,"minecraft:furnace":2,"biomesoplenty:rose_quartz_block":1,"minecraft:egg":1,"minecraft:stone_pickaxe":203,"minecraft:wooden_pickaxe":135,"biomesoplenty:fir_planks":6,"minecraft:polished_blackstone_bricks":1,"minecraft:crafting_table":4,"minecraft:blackstone_wall":1,"minecraft:spruce_log":6,"minecraft:cracked_polished_blackstone_bricks":1,"minecraft:lilac":1,"minecraft:blackstone_slab":1,"minecraft:stone_axe":45,"minecraft:cobblestone":26,"minecraft:cooked_porkchop":8,"minecraft:porkchop":4},"minecraft:mined":{"minecraft:spruce_planks":8,"minecraft:blackstone_wall":1,"minecraft:cobblestone_stairs":1,"gravestone:gravestone":16,"minecraft:cracked_polished_blackstone_bricks":3,"minecraft:polished_blackstone_bricks":9,"minecraft:furnace":1,"minecraft:iron_ore":6,"minecraft:fire":8,"minecraft:bookshelf":9,"biomesoplenty:webbing":1,"minecraft:lantern":28,"minecraft:stone":19,"biomesoplenty:rose_quartz_cluster":3,"minecraft:basalt":3,"minecraft:crafting_table":1,"minecraft:torch":7,"minecraft:blackstone_slab":1,"minecraft:chest":2,"minecraft:rose_bush":4,"minecraft:lectern":1,"minecraft:nether_quartz_ore":1,"minecraft:cobblestone":8,"biomesoplenty:sprout":12,"minecraft:wall_torch":3,"minecraft:chain":2,"minecraft:cobblestone_wall":1,"minecraft:sweet_berry_bush":1,"minecraft:lilac":2,"minecraft:spruce_log":16,"biomesoplenty:fir_log":6,"minecraft:grass":6,"minecraft:coal_ore":15,"minecraft:dirt":3,"minecraft:dispenser":6,"minecraft:netherrack":226,"minecraft:oak_leaves":2},"minecraft:crafted":{"minecraft:furnace":1,"biomesoplenty:rose_quartz_block":1,"minecraft:stone_pickaxe":3,"minecraft:cooked_porkchop":8,"minecraft:crafting_table":3,"minecraft:spruce_planks":108,"minecraft:wooden_pickaxe":4,"minecraft:iron_sword":1,"minecraft:stone_axe":1,"minecraft:air":0,"biomesoplenty:fir_planks":24,"minecraft:shield":1,"minecraft:stick":24,"minecraft:iron_ingot":6,"minecraft:iron_pickaxe":1,"minecraft:wooden_axe":1},"minecraft:killed_by":{"minecraft:ghast":1,"minecraft:player":4,"minecraft:piglin_brute":5,"minecraft:magma_cube":1,"minecraft:piglin":1,"minecraft:hoglin":2,"minecraft:skeleton":7},"minecraft:custom":{"minecraft:mob_kills":24,"minecraft:interact_with_crafting_table":12,"minecraft:leave_game":4,"minecraft:time_since_death":35963,"minecraft:climb_one_cm":196,"minecraft:sprint_one_cm":345218,"minecraft:walk_one_cm":202446,"minecraft:drop":106,"minecraft:play_time":112827,"minecraft:deaths":23,"minecraft:sneak_time":1182,"minecraft:walk_under_water_one_cm":1237,"minecraft:jump":2834,"minecraft:enchant_item":1,"minecraft:walk_on_water_one_cm":1254,"minecraft:total_world_time":112827,"minecraft:interact_with_furnace":10,"minecraft:sleep_in_bed":3,"minecraft:time_since_rest":31943,"minecraft:damage_taken":7674,"minecraft:damage_dealt":2640,"minecraft:swim_one_cm":4849,"minecraft:fly_one_cm":539361,"minecraft:player_kills":1,"minecraft:open_chest":15,"minecraft:crouch_one_cm":3273,"minecraft:fall_one_cm":94652,"minecraft:inspect_dispenser":1},"minecraft:broken":{"minecraft:wooden_pickaxe":2,"minecraft:stone_pickaxe":1},"minecraft:dropped":{"biomesoplenty:fir_log":21,"minecraft:bread":8,"minecraft:lilac":1,"minecraft:diamond":2,"minecraft:golden_horse_armor":1,"minecraft:crafting_table":2,"minecraft:saddle":1,"biomesoplenty:rose_quartz_shard":4,"minecraft:stick":2,"minecraft:dirt":1,"minecraft:rose_bush":3,"gravestone:obituary":60,"travelersbackpack:backpack_tank":2,"minecraft:white_wool":3,"minecraft:bone":10,"minecraft:cobblestone_wall":1,"minecraft:music_disc_otherside":1,"minecraft:rotten_flesh":13,"minecraft:wither_skeleton_skull":1,"minecraft:fern":1,"minecraft:name_tag":3,"minecraft:arrow":3,"minecraft:bow":1,"minecraft:quartz":1,"minecraft:netherrack":30}},"DataVersion":3337}