{"stats":{"minecraft:killed_by":{"minecraft:player":2,"minecraft:skeleton":2},"minecraft:mined":{"minecraft:cobblestone_stairs":1,"minecraft:crafting_table":1,"minecraft:torch":5,"gravestone:gravestone":4,"minecraft:chest":2,"minecraft:lectern":1,"minecraft:nether_quartz_ore":1,"minecraft:cobblestone":8,"biomesoplenty:sprout":2,"minecraft:furnace":1,"minecraft:cobblestone_wall":1,"minecraft:sweet_berry_bush":1,"minecraft:lilac":1,"minecraft:spruce_log":16,"biomesoplenty:fir_log":6,"minecraft:grass":3,"minecraft:bookshelf":9,"minecraft:lantern":3,"minecraft:dirt":1,"minecraft:dispenser":6,"minecraft:netherrack":46,"biomesoplenty:rose_quartz_cluster":3,"minecraft:oak_leaves":2},"minecraft:crafted":{"minecraft:cooked_porkchop":8,"minecraft:crafting_table":1,"minecraft:wooden_pickaxe":1,"biomesoplenty:rose_quartz_block":1,"minecraft:stone_axe":1,"minecraft:air":0,"biomesoplenty:fir_planks":24,"minecraft:stick":8,"minecraft:stone_pickaxe":1,"minecraft:wooden_axe":1},"minecraft:used":{"minecraft:stone_shovel":2,"minecraft:stone_pickaxe":60,"minecraft:wooden_pickaxe":11,"minecraft:netherrack":25,"minecraft:torch":4,"minecraft:dirt":2,"minecraft:mutton":1,"minecraft:crafting_table":1,"minecraft:spruce_log":6,"minecraft:wooden_axe":33,"minecraft:lantern":3,"minecraft:stone_axe":6,"minecraft:bow":2,"minecraft:cobblestone":21,"minecraft:sweet_berries":23,"minecraft:furnace":1,"minecraft:cooked_porkchop":6,"biomesoplenty:rose_quartz_block":1,"minecraft:egg":1},"minecraft:dropped":{"biomesoplenty:fir_log":21,"minecraft:bread":8,"minecraft:cobblestone_wall":1,"minecraft:diamond":2,"minecraft:music_disc_otherside":1,"minecraft:golden_horse_armor":1,"minecraft:crafting_table":2,"minecraft:rotten_flesh":3,"minecraft:wither_skeleton_skull":1,"minecraft:fern":1,"minecraft:name_tag":3,"minecraft:saddle":1,"biomesoplenty:rose_quartz_shard":4,"minecraft:stick":2,"minecraft:dirt":1,"minecraft:rose_bush":1,"gravestone:obituary":7,"minecraft:arrow":3,"minecraft:bow":1,"travelersbackpack:backpack_tank":2,"minecraft:quartz":1,"minecraft:white_wool":3,"minecraft:netherrack":30,"minecraft:bone":8},"minecraft:picked_up":{"minecraft:crafting_table":1,"minecraft:iron_chestplate":2,"minecraft:lilac":1,"minecraft:leather":2,"biomesoplenty:fir_log":6,"gravestone:obituary":4,"minecraft:shield":1,"biomesoplenty:rose_quartz_shard":8,"minecraft:cobblestone_wall":1,"minecraft:cobblestone_stairs":1,"minecraft:dirt":3,"minecraft:lantern":4,"minecraft:iron_axe":1,"minecraft:flint_and_steel":1,"minecraft:iron_leggings":1,"minecraft:bone":5,"biomesoplenty:fir_planks":1,"minecraft:iron_ingot":14,"minecraft:rose_bush":1,"minecraft:iron_pickaxe":1,"minecraft:lectern":1,"minecraft:chest":2,"minecraft:iron_sword":1,"minecraft:furnace":1,"minecraft:iron_boots":1,"minecraft:egg":1,"minecraft:book":27,"minecraft:sweet_berries":17,"minecraft:torch":5,"minecraft:quartz":1,"minecraft:porkchop":8,"minecraft:white_bed":1,"minecraft:spruce_log":17,"minecraft:arrow":5,"minecraft:dispenser":6,"minecraft:stone_shovel":1,"minecraft:writable_book":1,"minecraft:iron_helmet":1,"minecraft:baked_potato":3,"minecraft:netherrack":51,"minecraft:mutton":1,"minecraft:white_wool":1,"minecraft:cobblestone":26},"minecraft:custom":{"minecraft:interact_with_furnace":7,"minecraft:mob_kills":5,"minecraft:interact_with_crafting_table":3,"minecraft:leave_game":2,"minecraft:time_since_death":4677,"minecraft:sleep_in_bed":2,"minecraft:climb_one_cm":196,"minecraft:time_since_rest":4760,"minecraft:sprint_one_cm":125185,"minecraft:damage_taken":1589,"minecraft:walk_one_cm":69538,"minecraft:drop":38,"minecraft:damage_dealt":834,"minecraft:swim_one_cm":4849,"minecraft:fly_one_cm":217919,"minecraft:open_chest":6,"minecraft:crouch_one_cm":517,"minecraft:play_time":37656,"minecraft:deaths":4,"minecraft:sneak_time":444,"minecraft:walk_under_water_one_cm":1237,"minecraft:jump":1092,"minecraft:walk_on_water_one_cm":1254,"minecraft:total_world_time":37656,"minecraft:fall_one_cm":32648,"minecraft:inspect_dispenser":1},"minecraft:killed":{"minecraft:pig":3,"minecraft:skeleton":1,"minecraft:zombie":1}},"DataVersion":3337}