{"stats":{"minecraft:killed":{"minecraft:spider":1},"minecraft:used":{"minecraft:netherite_sword":39,"witherstormmod:infected_flesh_block":1,"travelersbackpack:bat":3,"minecraft:golden_apple":21,"minecraft:dirt":37,"minecraft:crafting_table":1,"minecraft:mud":3,"minecraft:wooden_axe":6,"minecraft:netherite_axe":19,"minecraft:spruce_sapling":2,"minecraft:totem_of_undying":11,"witherstormmod:withered_phlegm_block":1,"minecraft:wooden_sword":2,"minecraft:cobblestone":5,"minecraft:bow":39,"travelersbackpack:standard":1,"minecraft:andesite":16,"minecraft:dandelion":1,"minecraft:enchanted_golden_apple":45},"minecraft:killed_by":{"minecraft:player":3,"minecraft:skeleton":1,"witherstormmod:wither_storm":1},"minecraft:picked_up":{"witherstormmod:infected_flesh_block":1,"minecraft:mud":3,"minecraft:netherite_boots":1,"minecraft:crafting_table":1,"travelersbackpack:bat":2,"minecraft:andesite":16,"biomesoplenty:fir_log":10,"minecraft:wither_rose":1,"minecraft:oak_log":1,"gravestone:obituary":3,"minecraft:wither_skeleton_skull":1,"minecraft:netherite_leggings":2,"minecraft:cornflower":3,"minecraft:dirt":112,"minecraft:bone":1,"minecraft:netherite_sword":1,"minecraft:enchanted_golden_apple":82,"minecraft:chest":1,"biomesoplenty:umbran_log":1,"biomesoplenty:toadstool":3,"minecraft:dandelion":3,"minecraft:spruce_sapling":2,"travelersbackpack:standard":1,"minecraft:arrow":69,"witherstormmod:withered_phlegm_block":3,"minecraft:netherite_helmet":1,"minecraft:golden_apple":171,"minecraft:totem_of_undying":11,"minecraft:netherite_chestplate":1,"minecraft:cobblestone":145},"minecraft:dropped":{"minecraft:netherite_leggings":1,"minecraft:chest":1,"gravestone:obituary":10},"minecraft:crafted":{"minecraft:wooden_sword":1,"minecraft:crafting_table":1,"minecraft:wooden_pickaxe":1,"biomesoplenty:fir_planks":40,"minecraft:stick":20,"minecraft:wooden_axe":1},"minecraft:broken":{"minecraft:netherite_helmet":1,"minecraft:netherite_leggings":1,"minecraft:netherite_boots":1,"minecraft:netherite_sword":1},"minecraft:custom":{"minecraft:interact_with_furnace":1,"minecraft:mob_kills":1,"minecraft:interact_with_crafting_table":2,"minecraft:leave_game":1,"minecraft:time_since_death":0,"minecraft:climb_one_cm":516,"minecraft:damage_resisted":2421,"minecraft:time_since_rest":222,"minecraft:sprint_one_cm":104452,"minecraft:walk_one_cm":48943,"minecraft:damage_taken":12433,"minecraft:damage_absorbed":4055,"minecraft:drop":12,"minecraft:damage_dealt":1194,"minecraft:fly_one_cm":218609,"minecraft:swim_one_cm":2220,"minecraft:talked_to_villager":4,"minecraft:open_chest":5,"minecraft:crouch_one_cm":1036,"minecraft:play_time":34727,"minecraft:deaths":17,"minecraft:sneak_time":701,"minecraft:walk_under_water_one_cm":3142,"minecraft:jump":1073,"minecraft:walk_on_water_one_cm":6417,"minecraft:total_world_time":34727,"minecraft:fall_one_cm":83325},"minecraft:mined":{"minecraft:podzol":1,"witherstormmod:withered_phlegm_block":3,"minecraft:crafting_table":1,"gravestone:gravestone":9,"minecraft:grass_block":6,"minecraft:poppy":1,"minecraft:spruce_leaves":1,"minecraft:spruce_sapling":1,"minecraft:mud":3,"minecraft:fire":1,"biomesoplenty:fir_log":10,"minecraft:grass":4,"biomesoplenty:fir_leaves":1,"minecraft:dirt":8,"minecraft:wither_skeleton_skull":1,"minecraft:fern":2}},"DataVersion":3337}