{"stats":{"minecraft:picked_up":{"minecraft:book":3,"minecraft:oak_slab":1,"minecraft:crafting_table":2,"minecraft:cooked_porkchop":2,"minecraft:torch":8,"biomesoplenty:fir_sapling":3,"biomesoplenty:fir_log":16,"minecraft:porkchop":8,"minecraft:gunpowder":1,"minecraft:dirt":1,"minecraft:wheat_seeds":3,"biomesoplenty:fir_planks":12,"minecraft:mutton":10,"minecraft:coal":28,"minecraft:white_wool":6,"minecraft:cobblestone":63,"minecraft:furnace":1},"minecraft:used":{"minecraft:wooden_axe":2,"biomesoplenty:fir_sapling":3,"minecraft:stone_pickaxe":59,"biomesoplenty:fir_planks":46,"minecraft:cooked_chicken":1,"minecraft:stone_axe":81,"minecraft:torch":7,"minecraft:wooden_sword":26,"minecraft:mutton":2,"minecraft:cobblestone":27,"minecraft:oak_slab":1,"minecraft:crafting_table":4,"minecraft:furnace":2,"minecraft:cooked_porkchop":5},"minecraft:killed":{"minecraft:sheep":8,"minecraft:zombie":2,"minecraft:pig":3},"minecraft:killed_by":{"minecraft:skeleton":1,"minecraft:creeper":1},"minecraft:custom":{"minecraft:time_since_rest":7550,"minecraft:interact_with_furnace":8,"minecraft:sprint_one_cm":131671,"minecraft:damage_taken":1163,"minecraft:walk_one_cm":53284,"minecraft:mob_kills":14,"minecraft:drop":32,"minecraft:damage_dealt":2894,"minecraft:swim_one_cm":2484,"minecraft:interact_with_crafting_table":10,"minecraft:fly_one_cm":124751,"minecraft:open_chest":3,"minecraft:crouch_one_cm":9896,"minecraft:play_time":41530,"minecraft:deaths":2,"minecraft:sneak_time":3887,"minecraft:walk_under_water_one_cm":501,"minecraft:interact_with_lectern":1,"minecraft:jump":761,"minecraft:walk_on_water_one_cm":4827,"minecraft:time_since_death":7521,"minecraft:total_world_time":41530,"minecraft:climb_one_cm":697,"minecraft:fall_one_cm":16832,"minecraft:inspect_dispenser":2},"minecraft:crafted":{"biomesoplenty:fir_planks":64,"minecraft:wooden_sword":1,"minecraft:cooked_porkchop":8,"minecraft:crafting_table":3,"minecraft:stick":12,"minecraft:wooden_pickaxe":1,"minecraft:cooked_chicken":1,"minecraft:stone_pickaxe":1,"minecraft:wooden_axe":1,"minecraft:furnace":1,"minecraft:stone_axe":1},"minecraft:broken":{"minecraft:stone_axe":1},"minecraft:dropped":{"minecraft:gunpowder":1,"minecraft:cobblestone":1,"minecraft:cooked_porkchop":4,"minecraft:coal":26},"minecraft:mined":{"minecraft:oak_slab":1,"minecraft:furnace":1,"minecraft:grass_block":1,"minecraft:torch":3,"biomesoplenty:fir_log":16,"minecraft:crafting_table":2,"gravestone:gravestone":2,"biomesoplenty:clover":3,"minecraft:grass":4,"biomesoplenty:fir_planks":15,"minecraft:coal_ore":2,"biomesoplenty:fir_leaves":20,"minecraft:vine":1,"biomesoplenty:webbing":3,"minecraft:tall_grass":1,"minecraft:cobblestone":3,"minecraft:stone":52,"minecraft:wall_torch":3}},"DataVersion":3337}