{"stats":{"minecraft:picked_up":{"minecraft:book":3,"minecraft:oak_slab":1,"minecraft:crafting_table":1,"minecraft:torch":2,"biomesoplenty:fir_sapling":3,"biomesoplenty:fir_log":16,"minecraft:gunpowder":1,"minecraft:coal":2,"minecraft:cobblestone":37},"minecraft:used":{"minecraft:wooden_axe":2,"biomesoplenty:fir_sapling":3,"minecraft:stone_pickaxe":30,"minecraft:stone_axe":2,"minecraft:oak_slab":1,"minecraft:crafting_table":3,"minecraft:furnace":1},"minecraft:killed_by":{"minecraft:creeper":1},"minecraft:custom":{"minecraft:time_since_rest":5221,"minecraft:interact_with_furnace":1,"minecraft:sprint_one_cm":52754,"minecraft:damage_taken":673,"minecraft:walk_one_cm":21972,"minecraft:mob_kills":1,"minecraft:drop":1,"minecraft:damage_dealt":189,"minecraft:swim_one_cm":871,"minecraft:interact_with_crafting_table":7,"minecraft:fly_one_cm":62580,"minecraft:open_chest":3,"minecraft:crouch_one_cm":1711,"minecraft:play_time":17530,"minecraft:deaths":1,"minecraft:sneak_time":815,"minecraft:walk_under_water_one_cm":195,"minecraft:interact_with_lectern":1,"minecraft:jump":348,"minecraft:walk_on_water_one_cm":2287,"minecraft:time_since_death":5195,"minecraft:total_world_time":17530,"minecraft:climb_one_cm":697,"minecraft:fall_one_cm":8484,"minecraft:inspect_dispenser":2},"minecraft:crafted":{"biomesoplenty:fir_planks":64,"minecraft:wooden_sword":1,"minecraft:crafting_table":2,"minecraft:stick":12,"minecraft:wooden_pickaxe":1,"minecraft:stone_pickaxe":1,"minecraft:wooden_axe":1,"minecraft:furnace":1,"minecraft:stone_axe":1},"minecraft:dropped":{"minecraft:gunpowder":1},"minecraft:mined":{"minecraft:oak_slab":1,"biomesoplenty:fir_log":16,"minecraft:crafting_table":1,"gravestone:gravestone":1,"minecraft:coal_ore":2,"biomesoplenty:fir_leaves":17,"minecraft:vine":1,"minecraft:stone":28}},"DataVersion":3337}