{"stats":{"minecraft:picked_up":{"minecraft:crafting_table":6,"minecraft:andesite":3,"biomesoplenty:glowshroom":1,"biomesoplenty:fir_sapling":3,"biomesoplenty:fir_log":20,"minecraft:gunpowder":1,"minecraft:dirt":2,"minecraft:cooked_mutton":4,"minecraft:wheat_seeds":3,"minecraft:cobbled_deepslate":3,"biomesoplenty:fir_planks":21,"minecraft:furnace":2,"minecraft:book":3,"minecraft:oak_slab":1,"minecraft:raw_iron":12,"minecraft:cooked_porkchop":2,"minecraft:torch":17,"minecraft:porkchop":8,"minecraft:diorite":4,"minecraft:white_bed":1,"minecraft:granite":4,"minecraft:mutton":17,"minecraft:coal":31,"minecraft:white_wool":6,"minecraft:cobblestone":146},"minecraft:used":{"minecraft:cooked_mutton":2,"minecraft:stone_pickaxe":131,"biomesoplenty:fir_planks":46,"minecraft:cooked_chicken":1,"minecraft:torch":16,"minecraft:mutton":5,"minecraft:oak_slab":1,"minecraft:crafting_table":8,"minecraft:white_bed":3,"minecraft:wooden_axe":2,"biomesoplenty:fir_sapling":3,"minecraft:iron_pickaxe":44,"minecraft:iron_helmet":1,"minecraft:stone_axe":87,"minecraft:wooden_sword":37,"minecraft:cobblestone":43,"minecraft:furnace":4,"minecraft:cooked_porkchop":6},"minecraft:killed":{"minecraft:pig":3,"minecraft:sheep":8,"minecraft:zombie":2},"minecraft:killed_by":{"minecraft:skeleton":1,"minecraft:creeper":1},"minecraft:custom":{"minecraft:interact_with_furnace":16,"minecraft:mob_kills":16,"minecraft:interact_with_crafting_table":16,"minecraft:leave_game":1,"minecraft:time_since_death":40528,"minecraft:sleep_in_bed":3,"minecraft:climb_one_cm":697,"minecraft:time_since_rest":1611,"minecraft:sprint_one_cm":172915,"minecraft:damage_taken":1422,"minecraft:walk_one_cm":92614,"minecraft:drop":32,"minecraft:damage_dealt":3082,"minecraft:swim_one_cm":3155,"minecraft:fly_one_cm":147085,"minecraft:open_chest":3,"minecraft:crouch_one_cm":11823,"minecraft:play_time":74537,"minecraft:deaths":2,"minecraft:sneak_time":4639,"minecraft:walk_under_water_one_cm":680,"minecraft:interact_with_lectern":1,"minecraft:jump":992,"minecraft:walk_on_water_one_cm":5911,"minecraft:total_world_time":74537,"minecraft:fall_one_cm":21780,"minecraft:inspect_dispenser":2},"minecraft:crafted":{"minecraft:wooden_sword":1,"minecraft:cooked_porkchop":8,"minecraft:crafting_table":3,"minecraft:iron_helmet":1,"minecraft:wooden_pickaxe":1,"minecraft:cooked_chicken":1,"minecraft:furnace":2,"minecraft:stone_axe":2,"biomesoplenty:fir_planks":80,"minecraft:shield":1,"minecraft:iron_axe":1,"minecraft:stick":16,"minecraft:iron_ingot":12,"minecraft:iron_pickaxe":1,"minecraft:stone_pickaxe":1,"minecraft:wooden_axe":1,"minecraft:white_bed":2},"minecraft:dropped":{"minecraft:cooked_porkchop":4,"minecraft:cobblestone":1,"minecraft:coal":26,"minecraft:gunpowder":1},"minecraft:broken":{"minecraft:stone_pickaxe":1,"minecraft:stone_axe":1},"minecraft:mined":{"minecraft:oak_slab":1,"biomesoplenty:glowshroom":1,"minecraft:white_bed":2,"minecraft:crafting_table":6,"minecraft:torch":7,"minecraft:granite":4,"gravestone:gravestone":2,"minecraft:grass_block":2,"biomesoplenty:fir_planks":15,"minecraft:tall_grass":1,"minecraft:cobblestone":9,"minecraft:diorite":4,"minecraft:wall_torch":8,"minecraft:furnace":2,"minecraft:iron_ore":12,"minecraft:andesite":3,"biomesoplenty:fir_log":16,"minecraft:grass":4,"biomesoplenty:clover":3,"minecraft:coal_ore":5,"minecraft:vine":1,"biomesoplenty:fir_leaves":20,"biomesoplenty:webbing":3,"minecraft:stone":129,"minecraft:deepslate":3}},"DataVersion":3337}