{"stats":{"minecraft:used":{"minecraft:mud":3,"minecraft:wooden_axe":6,"minecraft:netherite_sword":1,"minecraft:netherite_axe":1,"minecraft:totem_of_undying":1,"minecraft:spruce_sapling":2,"minecraft:golden_apple":7,"minecraft:wooden_sword":2,"minecraft:dirt":12,"minecraft:cobblestone":5,"minecraft:bow":20,"minecraft:crafting_table":1,"minecraft:enchanted_golden_apple":5},"minecraft:killed_by":{"minecraft:player":1,"minecraft:skeleton":1},"minecraft:picked_up":{"minecraft:mud":3,"minecraft:crafting_table":1,"minecraft:andesite":16,"biomesoplenty:fir_log":10,"minecraft:oak_log":1,"gravestone:obituary":2,"minecraft:spruce_sapling":2,"minecraft:cornflower":1,"minecraft:wither_skeleton_skull":1,"minecraft:netherite_leggings":1,"minecraft:dirt":66,"minecraft:arrow":66,"minecraft:golden_apple":128,"minecraft:totem_of_undying":2,"minecraft:enchanted_golden_apple":32,"minecraft:chest":1,"minecraft:cobblestone":144,"biomesoplenty:toadstool":2},"minecraft:dropped":{"minecraft:chest":1,"gravestone:obituary":9,"minecraft:netherite_leggings":1},"minecraft:crafted":{"biomesoplenty:fir_planks":40,"minecraft:wooden_sword":1,"minecraft:crafting_table":1,"minecraft:stick":20,"minecraft:wooden_pickaxe":1,"minecraft:wooden_axe":1},"minecraft:custom":{"minecraft:damage_absorbed":309,"minecraft:time_since_rest":9254,"minecraft:sprint_one_cm":73146,"minecraft:interact_with_furnace":1,"minecraft:damage_taken":5333,"minecraft:walk_one_cm":32393,"minecraft:drop":11,"minecraft:damage_dealt":317,"minecraft:swim_one_cm":758,"minecraft:interact_with_crafting_table":2,"minecraft:talked_to_villager":4,"minecraft:fly_one_cm":143289,"minecraft:open_chest":5,"minecraft:crouch_one_cm":452,"minecraft:play_time":19188,"minecraft:deaths":14,"minecraft:sneak_time":149,"minecraft:walk_under_water_one_cm":214,"minecraft:jump":536,"minecraft:walk_on_water_one_cm":1722,"minecraft:time_since_death":9227,"minecraft:damage_resisted":188,"minecraft:total_world_time":19188,"minecraft:climb_one_cm":516,"minecraft:fall_one_cm":56525},"minecraft:mined":{"minecraft:podzol":1,"minecraft:spruce_sapling":1,"minecraft:mud":3,"biomesoplenty:fir_log":10,"minecraft:crafting_table":1,"gravestone:gravestone":9,"minecraft:grass":4,"minecraft:grass_block":2,"minecraft:poppy":1,"biomesoplenty:fir_leaves":1,"minecraft:dirt":7,"minecraft:wither_skeleton_skull":1,"minecraft:spruce_leaves":1,"minecraft:fern":2}},"DataVersion":3337}