{"stats":{"minecraft:picked_up":{"minecraft:oak_slab":1,"minecraft:crafting_table":1,"biomesoplenty:fir_sapling":1,"biomesoplenty:fir_log":6,"minecraft:book":3},"minecraft:used":{"minecraft:wooden_axe":2,"minecraft:oak_slab":1,"minecraft:crafting_table":2,"biomesoplenty:fir_sapling":1},"minecraft:custom":{"minecraft:open_chest":3,"minecraft:time_since_rest":5530,"minecraft:crouch_one_cm":586,"minecraft:play_time":5530,"minecraft:sprint_one_cm":9147,"minecraft:damage_taken":20,"minecraft:walk_one_cm":6644,"minecraft:sneak_time":364,"minecraft:interact_with_lectern":1,"minecraft:jump":96,"minecraft:time_since_death":5530,"minecraft:climb_one_cm":102,"minecraft:total_world_time":5530,"minecraft:interact_with_crafting_table":3,"minecraft:fall_one_cm":2465,"minecraft:fly_one_cm":13685},"minecraft:crafted":{"biomesoplenty:fir_planks":24,"minecraft:wooden_sword":1,"minecraft:crafting_table":1,"minecraft:stick":8,"minecraft:wooden_pickaxe":1,"minecraft:wooden_axe":1},"minecraft:mined":{"minecraft:oak_slab":1,"minecraft:crafting_table":1,"biomesoplenty:fir_log":6}},"DataVersion":3337}