{"stats":{"minecraft:used":{"minecraft:wooden_axe":6,"minecraft:wooden_sword":2,"minecraft:crafting_table":1,"minecraft:spruce_sapling":2,"minecraft:mud":3},"minecraft:killed_by":{"minecraft:skeleton":1,"minecraft:player":1},"minecraft:picked_up":{"minecraft:crafting_table":1,"biomesoplenty:fir_log":10,"minecraft:spruce_sapling":2,"minecraft:wither_skeleton_skull":1,"minecraft:mud":3},"minecraft:crafted":{"biomesoplenty:fir_planks":40,"minecraft:wooden_sword":1,"minecraft:crafting_table":1,"minecraft:stick":20,"minecraft:wooden_pickaxe":1,"minecraft:wooden_axe":1},"minecraft:custom":{"minecraft:interact_with_furnace":1,"minecraft:open_chest":2,"minecraft:time_since_rest":889,"minecraft:play_time":7188,"minecraft:sprint_one_cm":35583,"minecraft:walk_one_cm":8391,"minecraft:damage_taken":905,"minecraft:deaths":4,"minecraft:jump":164,"minecraft:damage_dealt":237,"minecraft:time_since_death":862,"minecraft:climb_one_cm":516,"minecraft:total_world_time":7188,"minecraft:talked_to_villager":4,"minecraft:fly_one_cm":50149,"minecraft:interact_with_crafting_table":2,"minecraft:fall_one_cm":12448},"minecraft:mined":{"minecraft:grass":4,"minecraft:poppy":1,"biomesoplenty:fir_leaves":1,"minecraft:spruce_sapling":1,"minecraft:mud":3,"minecraft:spruce_leaves":1,"minecraft:wither_skeleton_skull":1,"gravestone:gravestone":1,"minecraft:crafting_table":1,"biomesoplenty:fir_log":10,"minecraft:fern":2}},"DataVersion":3337}