{
  "minecraft:recipes/redstone/lever": {
    "criteria": {
      "has_cobblestone": "2024-08-03 20:42:31 +0000"
    },
    "done": true
  },
  "minecraft:recipes/decorations/ladder": {
    "criteria": {
      "has_stick": "2024-08-03 20:37:40 +0000"
    },
    "done": true
  },
  "witherstormmod:recipes/redstone/firework_bundle": {
    "criteria": {
      "has_the_recipe": "2024-08-03 20:47:49 +0000"
    },
    "done": true
  },
  "securitycraft:recipes/redstone/reinforced_birch_fence_gate": {
    "criteria": {
      "has_stick": "2024-08-03 20:37:40 +0000"
    },
    "done": true
  },
  "securitycraft:recipes/redstone/reinforced_crimson_fence_gate": {
    "criteria": {
      "has_stick": "2024-08-03 20:37:40 +0000"
    },
    "done": true
  },
  "securitycraft:recipes/misc/motion_activated_light": {
    "criteria": {
      "has_stick": "2024-08-03 20:37:40 +0000"
    },
    "done": true
  },
  "securitycraft:recipes/redstone/reinforced_jungle_fence_gate": {
    "criteria": {
      "has_stick": "2024-08-03 20:37:40 +0000"
    },
    "done": true
  },
  "minecraft:recipes/food/baked_potato_from_campfire_cooking": {
    "criteria": {
      "has_potato": "2024-08-03 20:40:10 +0000"
    },
    "done": true
  },
  "securitycraft:recipes/building_blocks/secret_birch_sign_item": {
    "criteria": {
      "has_sign": "2024-08-03 20:40:10 +0000"
    },
    "done": true
  },
  "witherstormmod:main/summon_wither_storm": {
    "criteria": {
      "summoned_wither_storm": "2024-08-03 20:47:49 +0000"
    },
    "done": true
  },
  "minecraft:recipes/combat/stone_sword": {
    "criteria": {
      "has_cobblestone": "2024-08-03 20:42:31 +0000"
    },
    "done": true
  },
  "minecraft:recipes/decorations/cobblestone_wall": {
    "criteria": {
      "has_cobblestone": "2024-08-03 20:42:31 +0000"
    },
    "done": true
  },
  "minecraft:recipes/tools/stone_axe": {
    "criteria": {
      "has_cobblestone": "2024-08-03 20:42:31 +0000"
    },
    "done": true
  },
  "biomesoplenty:recipes/transportation/willow_boat": {
    "criteria": {
      "in_water": "2024-08-03 20:49:09 +0000"
    },
    "done": true
  },
  "biomesoplenty:recipes/building_blocks/fir_slab": {
    "criteria": {
      "has_planks": "2024-08-03 20:36:04 +0000"
    },
    "done": true
  },
  "securitycraft:recipes/building_blocks/secret_mangrove_hanging_sign": {
    "criteria": {
      "has_sign": "2024-08-03 20:40:10 +0000"
    },
    "done": true
  },
  "minecraft:story/mine_stone": {
    "criteria": {
      "get_stone": "2024-08-03 20:42:31 +0000"
    },
    "done": true
  },
  "minecraft:recipes/decorations/furnace": {
    "criteria": {
      "has_cobblestone": "2024-08-03 20:42:31 +0000"
    },
    "done": true
  },
  "minecraft:recipes/building_blocks/andesite_stairs": {
    "criteria": {
      "has_andesite": "2024-08-03 20:45:39 +0000"
    },
    "done": true
  },
  "minecraft:recipes/food/baked_potato": {
    "criteria": {
      "has_potato": "2024-08-03 20:40:10 +0000"
    },
    "done": true
  },
  "securitycraft:recipes/building_blocks/secret_warped_sign_item": {
    "criteria": {
      "has_sign": "2024-08-03 20:40:10 +0000"
    },
    "done": true
  },
  "minecraft:recipes/decorations/snow": {
    "criteria": {
      "has_snowball": "2024-08-03 20:40:10 +0000"
    },
    "done": true
  },
  "minecraft:recipes/tools/wooden_axe": {
    "criteria": {
      "has_stick": "2024-08-03 20:37:40 +0000"
    },
    "done": true
  },
  "securitycraft:recipes/redstone/laser_block": {
    "criteria": {
      "has_stone": "2024-08-03 20:42:31 +0000"
    },
    "done": true
  },
  "securitycraft:recipes/building_blocks/secret_birch_hanging_sign": {
    "criteria": {
      "has_sign": "2024-08-03 20:40:10 +0000"
    },
    "done": true
  },
  "securitycraft:recipes/redstone/reinforced_spruce_fence_gate": {
    "criteria": {
      "has_stick": "2024-08-03 20:37:40 +0000"
    },
    "done": true
  },
  "minecraft:adventure/shoot_arrow": {
    "criteria": {
      "shot_arrow": "2024-08-03 20:48:54 +0000"
    },
    "done": true
  },
  "minecraft:recipes/decorations/andesite_wall_from_andesite_stonecutting": {
    "criteria": {
      "has_andesite": "2024-08-03 20:45:39 +0000"
    },
    "done": true
  },
  "biomesoplenty:recipes/redstone/fir_fence_gate": {
    "criteria": {
      "has_planks": "2024-08-03 20:36:04 +0000"
    },
    "done": true
  },
  "securitycraft:recipes/building_blocks/reinforced_andesite_with_vanilla_diorite": {
    "criteria": {
      "has_cobblestone": "2024-08-03 20:42:31 +0000"
    },
    "done": true
  },
  "minecraft:recipes/decorations/crafting_table": {
    "criteria": {
      "unlock_right_away": "2024-08-03 20:34:50 +0000"
    },
    "done": true
  },
  "minecraft:recipes/decorations/chest": {
    "criteria": {
      "has_lots_of_items": "2024-08-03 20:38:53 +0000"
    },
    "done": true
  },
  "minecraft:recipes/misc/stick": {
    "criteria": {
      "has_planks": "2024-08-03 20:36:04 +0000"
    },
    "done": true
  },
  "minecraft:recipes/building_blocks/emerald_block": {
    "criteria": {
      "has_emerald": "2024-08-03 20:40:10 +0000"
    },
    "done": true
  },
  "securitycraft:recipes/misc/reinforced_jungle_fence": {
    "criteria": {
      "has_stick": "2024-08-03 20:37:40 +0000"
    },
    "done": true
  },
  "biomesoplenty:recipes/transportation/fir_boat": {
    "criteria": {
      "in_water": "2024-08-03 20:49:09 +0000"
    },
    "done": true
  },
  "biomesoplenty:biomesoplenty/all_biomes": {
    "criteria": {
      "muskeg": "2024-08-03 20:39:30 +0000",
      "fir_clearing": "2024-08-03 20:46:01 +0000",
      "snowy_coniferous_forest": "2024-08-03 20:34:51 +0000",
      "tundra": "2024-08-03 20:40:16 +0000"
    },
    "done": false
  },
  "minecraft:recipes/building_blocks/cobblestone_slab_from_cobblestone_stonecutting": {
    "criteria": {
      "has_cobblestone": "2024-08-03 20:42:31 +0000"
    },
    "done": true
  },
  "minecraft:recipes/building_blocks/polished_andesite_slab_from_andesite_stonecutting": {
    "criteria": {
      "has_andesite": "2024-08-03 20:45:39 +0000"
    },
    "done": true
  },
  "securitycraft:recipes/building_blocks/secret_warped_hanging_sign": {
    "criteria": {
      "has_sign": "2024-08-03 20:40:10 +0000"
    },
    "done": true
  },
  "securitycraft:recipes/building_blocks/secret_jungle_hanging_sign": {
    "criteria": {
      "has_sign": "2024-08-03 20:40:10 +0000"
    },
    "done": true
  },
  "witherstormmod:recipes/food/golden_apple_stew": {
    "criteria": {
      "has_golden_apple": "2024-08-03 20:46:12 +0000"
    },
    "done": true
  },
  "securitycraft:recipes/misc/reinforced_warped_fence": {
    "criteria": {
      "has_stick": "2024-08-03 20:37:40 +0000"
    },
    "done": true
  },
  "biomesoplenty:recipes/transportation/umbran_boat": {
    "criteria": {
      "in_water": "2024-08-03 20:49:09 +0000"
    },
    "done": true
  },
  "minecraft:adventure/totem_of_undying": {
    "criteria": {
      "used_totem": "2024-08-03 20:49:44 +0000"
    },
    "done": true
  },
  "minecraft:recipes/building_blocks/packed_mud": {
    "criteria": {
      "has_mud": "2024-08-03 20:39:44 +0000"
    },
    "done": true
  },
  "minecraft:recipes/building_blocks/stone": {
    "criteria": {
      "has_cobblestone": "2024-08-03 20:42:31 +0000"
    },
    "done": true
  },
  "securitycraft:recipes/building_blocks/secret_cherry_hanging_sign": {
    "criteria": {
      "has_sign": "2024-08-03 20:40:10 +0000"
    },
    "done": true
  },
  "securitycraft:recipes/building_blocks/secret_dark_oak_sign_item": {
    "criteria": {
      "has_sign": "2024-08-03 20:40:10 +0000"
    },
    "done": true
  },
  "securitycraft:recipes/building_blocks/secret_dark_oak_hanging_sign": {
    "criteria": {
      "has_sign": "2024-08-03 20:40:10 +0000"
    },
    "done": true
  },
  "securitycraft:recipes/building_blocks/reinforced_andesite_with_vanilla_cobblestone": {
    "criteria": {
      "has_cobblestone": "2024-08-03 20:42:31 +0000"
    },
    "done": true
  },
  "biomesoplenty:recipes/transportation/dead_boat": {
    "criteria": {
      "in_water": "2024-08-03 20:49:09 +0000"
    },
    "done": true
  },
  "minecraft:recipes/transportation/spruce_boat": {
    "criteria": {
      "in_water": "2024-08-03 20:49:09 +0000"
    },
    "done": true
  },
  "securitycraft:recipes/redstone/reinforced_cherry_fence_gate": {
    "criteria": {
      "has_stick": "2024-08-03 20:37:40 +0000"
    },
    "done": true
  },
  "biomesoplenty:recipes/transportation/magic_boat": {
    "criteria": {
      "in_water": "2024-08-03 20:49:09 +0000"
    },
    "done": true
  },
  "biomesoplenty:recipes/decorations/fir_fence": {
    "criteria": {
      "has_planks": "2024-08-03 20:36:04 +0000"
    },
    "done": true
  },
  "minecraft:husbandry/root": {
    "criteria": {
      "consumed_item": "2024-08-03 20:46:18 +0000"
    },
    "done": true
  },
  "minecraft:recipes/transportation/birch_boat": {
    "criteria": {
      "in_water": "2024-08-03 20:49:09 +0000"
    },
    "done": true
  },
  "securitycraft:recipes/building_blocks/secret_mangrove_sign_item": {
    "criteria": {
      "has_sign": "2024-08-03 20:40:10 +0000"
    },
    "done": true
  },
  "biomesoplenty:recipes/decorations/fir_sign": {
    "criteria": {
      "has_fir_planks": "2024-08-03 20:36:04 +0000"
    },
    "done": true
  },
  "witherstormmod:recipes/tools/phasometer": {
    "criteria": {
      "has_the_recipe": "2024-08-03 20:47:49 +0000"
    },
    "done": true
  },
  "minecraft:recipes/transportation/oak_boat": {
    "criteria": {
      "in_water": "2024-08-03 20:49:09 +0000"
    },
    "done": true
  },
  "securitycraft:recipes/misc/reinforced_acacia_fence": {
    "criteria": {
      "has_stick": "2024-08-03 20:37:40 +0000"
    },
    "done": true
  },
  "securitycraft:recipes/building_blocks/secret_crimson_sign_item": {
    "criteria": {
      "has_sign": "2024-08-03 20:40:10 +0000"
    },
    "done": true
  },
  "biomesoplenty:recipes/transportation/redwood_boat": {
    "criteria": {
      "in_water": "2024-08-03 20:49:09 +0000"
    },
    "done": true
  },
  "biomesoplenty:recipes/redstone/fir_button": {
    "criteria": {
      "has_planks": "2024-08-03 20:36:04 +0000"
    },
    "done": true
  },
  "minecraft:recipes/building_blocks/andesite_slab_from_andesite_stonecutting": {
    "criteria": {
      "has_andesite": "2024-08-03 20:45:39 +0000"
    },
    "done": true
  },
  "biomesoplenty:recipes/redstone/fir_door": {
    "criteria": {
      "has_planks": "2024-08-03 20:36:04 +0000"
    },
    "done": true
  },
  "securitycraft:recipes/redstone/reinforced_acacia_fence_gate": {
    "criteria": {
      "has_stick": "2024-08-03 20:37:40 +0000"
    },
    "done": true
  },
  "minecraft:nether/netherite_armor": {
    "criteria": {
      "netherite_armor": "2024-08-03 20:44:04 +0000"
    },
    "done": true
  },
  "securitycraft:recipes/building_blocks/secret_acacia_sign_item": {
    "criteria": {
      "has_sign": "2024-08-03 20:40:10 +0000"
    },
    "done": true
  },
  "securitycraft:recipes/redstone/reinforced_dispenser": {
    "criteria": {
      "has_bow": "2024-08-03 20:44:31 +0000"
    },
    "done": true
  },
  "biomesoplenty:recipes/building_blocks/fir_stairs": {
    "criteria": {
      "has_planks": "2024-08-03 20:36:04 +0000"
    },
    "done": true
  },
  "minecraft:recipes/transportation/mangrove_boat": {
    "criteria": {
      "in_water": "2024-08-03 20:49:09 +0000"
    },
    "done": true
  },
  "securitycraft:recipes/misc/reinforced_cherry_fence": {
    "criteria": {
      "has_stick": "2024-08-03 20:37:40 +0000"
    },
    "done": true
  },
  "minecraft:recipes/building_blocks/andesite_stairs_from_andesite_stonecutting": {
    "criteria": {
      "has_andesite": "2024-08-03 20:45:39 +0000"
    },
    "done": true
  },
  "securitycraft:recipes/redstone/reinforced_bamboo_fence_gate": {
    "criteria": {
      "has_stick": "2024-08-03 20:37:40 +0000"
    },
    "done": true
  },
  "securitycraft:recipes/building_blocks/secret_bamboo_hanging_sign": {
    "criteria": {
      "has_sign": "2024-08-03 20:40:10 +0000"
    },
    "done": true
  },
  "securitycraft:recipes/redstone/reinforced_warped_fence_gate": {
    "criteria": {
      "has_stick": "2024-08-03 20:37:40 +0000"
    },
    "done": true
  },
  "securitycraft:recipes/building_blocks/secret_crimson_hanging_sign": {
    "criteria": {
      "has_sign": "2024-08-03 20:40:10 +0000"
    },
    "done": true
  },
  "biomesoplenty:recipes/transportation/hellbark_boat": {
    "criteria": {
      "in_water": "2024-08-03 20:49:09 +0000"
    },
    "done": true
  },
  "minecraft:recipes/tools/stone_pickaxe": {
    "criteria": {
      "has_cobblestone": "2024-08-03 20:42:31 +0000"
    },
    "done": true
  },
  "biomesoplenty:recipes/transportation/jacaranda_boat": {
    "criteria": {
      "in_water": "2024-08-03 20:49:09 +0000"
    },
    "done": true
  },
  "securitycraft:recipes/building_blocks/secret_cherry_sign_item": {
    "criteria": {
      "has_sign": "2024-08-03 20:40:10 +0000"
    },
    "done": true
  },
  "minecraft:recipes/decorations/campfire": {
    "criteria": {
      "has_stick": "2024-08-03 20:37:40 +0000"
    },
    "done": true
  },
  "biomesoplenty:recipes/transportation/mahogany_boat": {
    "criteria": {
      "in_water": "2024-08-03 20:49:09 +0000"
    },
    "done": true
  },
  "minecraft:recipes/tools/wooden_hoe": {
    "criteria": {
      "has_stick": "2024-08-03 20:37:40 +0000"
    },
    "done": true
  },
  "minecraft:nether/get_wither_skull": {
    "criteria": {
      "wither_skull": "2024-08-03 20:38:33 +0000"
    },
    "done": true
  },
  "minecraft:recipes/misc/charcoal": {
    "criteria": {
      "has_log": "2024-08-03 20:35:50 +0000"
    },
    "done": true
  },
  "minecraft:recipes/tools/wooden_pickaxe": {
    "criteria": {
      "has_stick": "2024-08-03 20:37:40 +0000"
    },
    "done": true
  },
  "minecraft:recipes/building_blocks/polished_andesite_from_andesite_stonecutting": {
    "criteria": {
      "has_andesite": "2024-08-03 20:45:39 +0000"
    },
    "done": true
  },
  "minecraft:recipes/food/baked_potato_from_smoking": {
    "criteria": {
      "has_potato": "2024-08-03 20:40:10 +0000"
    },
    "done": true
  },
  "securitycraft:recipes/misc/sonic_security_system": {
    "criteria": {
      "has_stick": "2024-08-03 20:37:40 +0000"
    },
    "done": true
  },
  "biomesoplenty:recipes/transportation/palm_boat": {
    "criteria": {
      "in_water": "2024-08-03 20:49:09 +0000"
    },
    "done": true
  },
  "biomesoplenty:biomesoplenty/root": {
    "criteria": {
      "snowy_coniferous_forest": "2024-08-03 20:34:51 +0000"
    },
    "done": true
  },
  "minecraft:recipes/building_blocks/polished_andesite": {
    "criteria": {
      "has_andesite": "2024-08-03 20:45:39 +0000"
    },
    "done": true
  },
  "securitycraft:recipes/redstone/reinforced_mangrove_fence_gate": {
    "criteria": {
      "has_stick": "2024-08-03 20:37:40 +0000"
    },
    "done": true
  },
  "minecraft:recipes/tools/wooden_shovel": {
    "criteria": {
      "has_stick": "2024-08-03 20:37:40 +0000"
    },
    "done": true
  },
  "securitycraft:recipes/misc/reinforced_mangrove_fence": {
    "criteria": {
      "has_stick": "2024-08-03 20:37:40 +0000"
    },
    "done": true
  },
  "securitycraft:recipes/building_blocks/reinforced_andesite": {
    "criteria": {
      "has_cobblestone": "2024-08-03 20:42:31 +0000"
    },
    "done": true
  },
  "minecraft:recipes/redstone/dispenser": {
    "criteria": {
      "has_bow": "2024-08-03 20:44:31 +0000"
    },
    "done": true
  },
  "securitycraft:recipes/redstone/reinforced_dark_oak_fence_gate": {
    "criteria": {
      "has_stick": "2024-08-03 20:37:40 +0000"
    },
    "done": true
  },
  "securitycraft:recipes/building_blocks/secret_jungle_sign_item": {
    "criteria": {
      "has_sign": "2024-08-03 20:40:10 +0000"
    },
    "done": true
  },
  "minecraft:recipes/building_blocks/cobblestone_slab": {
    "criteria": {
      "has_cobblestone": "2024-08-03 20:42:31 +0000"
    },
    "done": true
  },
  "securitycraft:recipes/building_blocks/secret_spruce_sign_item": {
    "criteria": {
      "has_sign": "2024-08-03 20:40:10 +0000"
    },
    "done": true
  },
  "biomesoplenty:recipes/transportation/cherry_boat": {
    "criteria": {
      "in_water": "2024-08-03 20:49:09 +0000"
    },
    "done": true
  },
  "biomesoplenty:recipes/building_blocks/fir_wood": {
    "criteria": {
      "has_log": "2024-08-03 20:35:50 +0000"
    },
    "done": true
  },
  "minecraft:recipes/transportation/acacia_boat": {
    "criteria": {
      "in_water": "2024-08-03 20:49:09 +0000"
    },
    "done": true
  },
  "biomesoplenty:recipes/redstone/fir_trapdoor": {
    "criteria": {
      "has_planks": "2024-08-03 20:36:04 +0000"
    },
    "done": true
  },
  "minecraft:adventure/root": {
    "criteria": {
      "killed_by_something": "2024-08-03 20:35:20 +0000"
    },
    "done": true
  },
  "securitycraft:recipes/building_blocks/reinforced_diorite": {
    "criteria": {
      "has_cobblestone": "2024-08-03 20:42:31 +0000"
    },
    "done": true
  },
  "biomesoplenty:recipes/redstone/fir_pressure_plate": {
    "criteria": {
      "has_planks": "2024-08-03 20:36:04 +0000"
    },
    "done": true
  },
  "minecraft:recipes/misc/blue_dye_from_cornflower": {
    "criteria": {
      "has_cornflower": "2024-08-03 20:50:13 +0000"
    },
    "done": true
  },
  "minecraft:recipes/combat/wooden_sword": {
    "criteria": {
      "has_stick": "2024-08-03 20:37:40 +0000"
    },
    "done": true
  },
  "minecraft:recipes/building_blocks/oak_planks": {
    "criteria": {
      "has_logs": "2024-08-03 20:45:27 +0000"
    },
    "done": true
  },
  "minecraft:adventure/adventuring_time": {
    "criteria": {
      "minecraft:snowy_plains": "2024-08-03 20:36:45 +0000",
      "minecraft:stony_shore": "2024-08-03 20:46:05 +0000",
      "minecraft:plains": "2024-08-03 20:45:49 +0000"
    },
    "done": false
  },
  "witherstormmod:main/root": {
    "criteria": {
      "summoned_wither_storm": "2024-08-03 20:47:49 +0000"
    },
    "done": true
  },
  "minecraft:recipes/decorations/barrel": {
    "criteria": {
      "has_planks": "2024-08-03 20:36:04 +0000"
    },
    "done": true
  },
  "minecraft:recipes/decorations/cobblestone_wall_from_cobblestone_stonecutting": {
    "criteria": {
      "has_cobblestone": "2024-08-03 20:42:31 +0000"
    },
    "done": true
  },
  "securitycraft:recipes/building_blocks/secret_bamboo_sign_item": {
    "criteria": {
      "has_sign": "2024-08-03 20:40:10 +0000"
    },
    "done": true
  },
  "minecraft:recipes/decorations/andesite_wall": {
    "criteria": {
      "has_andesite": "2024-08-03 20:45:39 +0000"
    },
    "done": true
  },
  "minecraft:recipes/building_blocks/andesite_slab": {
    "criteria": {
      "has_andesite": "2024-08-03 20:45:39 +0000"
    },
    "done": true
  },
  "minecraft:recipes/building_blocks/cobblestone_stairs_from_cobblestone_stonecutting": {
    "criteria": {
      "has_cobblestone": "2024-08-03 20:42:31 +0000"
    },
    "done": true
  },
  "minecraft:recipes/building_blocks/polished_andesite_stairs_from_andesite_stonecutting": {
    "criteria": {
      "has_andesite": "2024-08-03 20:45:39 +0000"
    },
    "done": true
  },
  "securitycraft:recipes/misc/reinforced_birch_fence": {
    "criteria": {
      "has_stick": "2024-08-03 20:37:40 +0000"
    },
    "done": true
  },
  "minecraft:husbandry/balanced_diet": {
    "criteria": {
      "golden_apple": "2024-08-03 20:46:18 +0000",
      "enchanted_golden_apple": "2024-08-03 20:46:38 +0000"
    },
    "done": false
  },
  "securitycraft:recipes/misc/reinforced_dark_oak_fence": {
    "criteria": {
      "has_stick": "2024-08-03 20:37:40 +0000"
    },
    "done": true
  },
  "securitycraft:recipes/misc/reinforced_oak_fence": {
    "criteria": {
      "has_stick": "2024-08-03 20:37:40 +0000"
    },
    "done": true
  },
  "minecraft:recipes/building_blocks/cobblestone_stairs": {
    "criteria": {
      "has_cobblestone": "2024-08-03 20:42:31 +0000"
    },
    "done": true
  },
  "biomesoplenty:recipes/building_blocks/fir_planks": {
    "criteria": {
      "has_logs": "2024-08-03 20:35:50 +0000"
    },
    "done": true
  },
  "securitycraft:recipes/redstone/reinforced_oak_fence_gate": {
    "criteria": {
      "has_stick": "2024-08-03 20:37:40 +0000"
    },
    "done": true
  },
  "securitycraft:recipes/misc/sc_manual": {
    "criteria": {
      "has_wood": "2024-08-03 20:35:50 +0000"
    },
    "done": true
  },
  "securitycraft:recipes/building_blocks/secret_oak_hanging_sign": {
    "criteria": {
      "has_sign": "2024-08-03 20:40:10 +0000"
    },
    "done": true
  },
  "minecraft:recipes/tools/stone_hoe": {
    "criteria": {
      "has_cobblestone": "2024-08-03 20:42:31 +0000"
    },
    "done": true
  },
  "securitycraft:recipes/building_blocks/secret_acacia_hanging_sign": {
    "criteria": {
      "has_sign": "2024-08-03 20:40:10 +0000"
    },
    "done": true
  },
  "securitycraft:recipes/misc/reinforced_bamboo_fence": {
    "criteria": {
      "has_stick": "2024-08-03 20:37:40 +0000"
    },
    "done": true
  },
  "witherstormmod:recipes/tools/amulet": {
    "criteria": {
      "has_emerald": "2024-08-03 20:40:10 +0000"
    },
    "done": true
  },
  "securitycraft:recipes/misc/reinforced_crimson_fence": {
    "criteria": {
      "has_stick": "2024-08-03 20:37:40 +0000"
    },
    "done": true
  },
  "minecraft:recipes/tools/stone_shovel": {
    "criteria": {
      "has_cobblestone": "2024-08-03 20:42:31 +0000"
    },
    "done": true
  },
  "minecraft:recipes/misc/skull_banner_pattern": {
    "criteria": {
      "has_wither_skeleton_skull": "2024-08-03 20:38:33 +0000"
    },
    "done": true
  },
  "minecraft:recipes/building_blocks/oak_wood": {
    "criteria": {
      "has_log": "2024-08-03 20:45:27 +0000"
    },
    "done": true
  },
  "minecraft:story/root": {
    "criteria": {
      "crafting_table": "2024-08-03 20:37:29 +0000"
    },
    "done": true
  },
  "securitycraft:recipes/misc/reinforced_spruce_fence": {
    "criteria": {
      "has_stick": "2024-08-03 20:37:40 +0000"
    },
    "done": true
  },
  "minecraft:recipes/building_blocks/snow_block": {
    "criteria": {
      "has_snowball": "2024-08-03 20:40:10 +0000"
    },
    "done": true
  },
  "minecraft:recipes/transportation/jungle_boat": {
    "criteria": {
      "in_water": "2024-08-03 20:49:09 +0000"
    },
    "done": true
  },
  "securitycraft:recipes/building_blocks/secret_sign_item": {
    "criteria": {
      "has_sign": "2024-08-03 20:40:10 +0000"
    },
    "done": true
  },
  "minecraft:recipes/transportation/dark_oak_boat": {
    "criteria": {
      "in_water": "2024-08-03 20:49:09 +0000"
    },
    "done": true
  },
  "minecraft:recipes/misc/mojang_banner_pattern": {
    "criteria": {
      "has_enchanted_golden_apple": "2024-08-03 20:46:21 +0000"
    },
    "done": true
  },
  "securitycraft:recipes/building_blocks/secret_spruce_hanging_sign": {
    "criteria": {
      "has_sign": "2024-08-03 20:40:10 +0000"
    },
    "done": true
  },
  "DataVersion": 3337
}